,latitude,longitude,state,store_count
0,18.0,-66.6,PR,1
1,18.0,-66.4,PR,1
2,18.0,-66.1,PR,1
3,18.1,-66.6,PR,1
4,18.1,-66.1,PR,1
5,18.1,-65.8,PR,1
6,18.2,-67.1,PR,1
7,18.2,-66.0,PR,1
8,18.3,-65.7,PR,1
9,18.4,-66.5,PR,2
10,18.4,-66.3,PR,1
11,18.4,-66.2,PR,1
12,18.4,-66.1,PR,1
13,18.4,-66.0,PR,1
14,18.4,-65.9,PR,1
15,18.5,-67.0,PR,1
16,18.5,-66.8,PR,1
17,19.6,-156.0,HI,1
18,19.7,-155.1,HI,1
19,20.9,-156.5,HI,1
20,21.3,-158.1,HI,1
21,21.3,-157.9,HI,1
22,21.3,-157.8,HI,1
23,21.4,-158.0,HI,2
24,21.5,-158.0,HI,1
25,22.0,-159.4,HI,1
26,25.5,-80.5,FL,2
27,25.5,-80.4,FL,2
28,25.6,-80.4,FL,1
29,25.7,-80.4,FL,1
30,25.8,-80.3,FL,3
31,25.9,-97.5,TX,1
32,25.9,-80.4,FL,1
33,25.9,-80.3,FL,4
34,25.9,-80.2,FL,2
35,26.0,-97.5,TX,2
36,26.0,-80.4,FL,1
37,26.0,-80.3,FL,3
38,26.0,-80.2,FL,2
39,26.0,-80.1,FL,2
40,26.1,-98.2,TX,1
41,26.1,-98.0,TX,1
42,26.1,-97.6,TX,1
43,26.1,-97.5,TX,1
44,26.1,-97.2,TX,1
45,26.1,-81.8,FL,1
46,26.1,-81.7,FL,2
47,26.1,-80.3,FL,4
48,26.1,-80.2,FL,1
49,26.2,-98.4,TX,1
50,26.2,-98.3,TX,2
51,26.2,-98.2,TX,3
52,26.2,-98.1,TX,1
53,26.2,-98.0,TX,2
54,26.2,-97.7,TX,1
55,26.2,-81.8,FL,1
56,26.2,-80.3,FL,3
57,26.2,-80.2,FL,4
58,26.2,-80.1,FL,1
59,26.3,-98.3,TX,1
60,26.3,-98.2,TX,4
61,26.3,-98.0,TX,1
62,26.3,-81.8,FL,1
63,26.3,-81.7,FL,1
64,26.3,-80.3,FL,2
65,26.3,-80.2,FL,3
66,26.3,-80.1,FL,2
67,26.4,-98.8,TX,1
68,26.4,-80.1,FL,2
69,26.5,-81.9,FL,2
70,26.5,-81.8,FL,1
71,26.5,-80.1,FL,4
72,26.6,-82.0,FL,2
73,26.6,-81.9,FL,2
74,26.6,-81.8,FL,1
75,26.6,-81.7,FL,1
76,26.6,-80.2,FL,1
77,26.6,-80.1,FL,5
78,26.7,-81.9,FL,2
79,26.7,-81.5,FL,1
80,26.7,-80.2,FL,2
81,26.7,-80.1,FL,2
82,26.8,-80.9,FL,1
83,26.8,-80.1,FL,2
84,26.9,-82.3,FL,1
85,26.9,-82.0,FL,1
86,26.9,-80.1,FL,1
87,27.0,-82.4,FL,1
88,27.0,-82.2,FL,1
89,27.0,-82.1,FL,2
90,27.0,-82.0,FL,1
91,27.1,-82.2,FL,1
92,27.2,-82.5,FL,1
93,27.2,-81.8,FL,1
94,27.2,-80.8,FL,1
95,27.2,-80.2,FL,1
96,27.3,-82.5,FL,3
97,27.3,-80.4,FL,4
98,27.3,-80.3,FL,1
99,27.4,-82.6,FL,1
100,27.4,-82.5,FL,4
101,27.4,-80.4,FL,1
102,27.5,-99.5,TX,2
103,27.5,-97.9,TX,1
104,27.5,-82.6,FL,2
105,27.5,-82.5,FL,1
106,27.5,-81.5,FL,1
107,27.6,-99.5,TX,2
108,27.6,-81.8,FL,1
109,27.6,-81.5,FL,1
110,27.6,-80.4,FL,2
111,27.7,-97.4,TX,3
112,27.7,-97.3,TX,1
113,27.7,-82.7,FL,1
114,27.7,-82.3,FL,1
115,27.8,-98.0,TX,1
116,27.8,-82.8,FL,1
117,27.8,-82.7,FL,5
118,27.8,-82.4,FL,1
119,27.8,-82.3,FL,1
120,27.8,-80.5,FL,1
121,27.9,-97.6,TX,1
122,27.9,-97.3,TX,1
123,27.9,-97.2,TX,1
124,27.9,-82.8,FL,3
125,27.9,-82.7,FL,1
126,27.9,-82.5,FL,2
127,27.9,-82.3,FL,4
128,27.9,-82.2,FL,1
129,27.9,-82.0,FL,1
130,27.9,-81.8,FL,1
131,27.9,-81.6,FL,1
132,28.0,-97.0,TX,1
133,28.0,-82.8,FL,2
134,28.0,-82.7,FL,3
135,28.0,-82.6,FL,2
136,28.0,-82.5,FL,5
137,28.0,-82.4,FL,1
138,28.0,-82.3,FL,1
139,28.0,-82.1,FL,1
140,28.0,-82.0,FL,1
141,28.0,-81.7,FL,1
142,28.0,-81.6,FL,1
143,28.0,-80.6,FL,2
144,28.1,-82.7,FL,3
145,28.1,-82.6,FL,1
146,28.1,-82.5,FL,2
147,28.1,-82.4,FL,1
148,28.1,-82.0,FL,1
149,28.1,-81.8,FL,1
150,28.1,-81.6,FL,1
151,28.1,-81.4,FL,1
152,28.1,-80.7,FL,1
153,28.1,-80.6,FL,2
154,28.2,-82.7,FL,1
155,28.2,-82.5,FL,1
156,28.2,-82.4,FL,1
157,28.2,-82.3,FL,1
158,28.2,-81.3,FL,1
159,28.2,-80.7,FL,2
160,28.3,-82.7,FL,3
161,28.3,-82.2,FL,2
162,28.3,-81.6,FL,1
163,28.3,-81.5,FL,2
164,28.3,-81.4,FL,2
165,28.3,-81.3,FL,2
166,28.4,-97.8,TX,1
167,28.4,-81.7,FL,1
168,28.4,-81.5,FL,1
169,28.4,-81.4,FL,4
170,28.4,-81.2,FL,1
171,28.4,-80.8,FL,1
172,28.4,-80.7,FL,1
173,28.5,-99.8,TX,1
174,28.5,-82.6,FL,1
175,28.5,-82.5,FL,2
176,28.5,-82.4,FL,1
177,28.5,-81.7,FL,1
178,28.5,-81.6,FL,1
179,28.5,-81.5,FL,4
180,28.5,-81.4,FL,3
181,28.5,-81.3,FL,5
182,28.5,-81.2,FL,1
183,28.5,-81.1,FL,1
184,28.6,-96.6,TX,1
185,28.6,-81.5,FL,2
186,28.6,-81.4,FL,2
187,28.6,-81.3,FL,4
188,28.6,-81.2,FL,2
189,28.6,-80.8,FL,1
190,28.7,-100.5,TX,1
191,28.7,-82.1,FL,1
192,28.7,-81.4,FL,1
193,28.8,-97.9,TX,1
194,28.8,-97.0,TX,1
195,28.8,-82.5,FL,1
196,28.8,-81.9,FL,1
197,28.8,-81.7,FL,1
198,28.8,-81.3,FL,3
199,28.9,-99.1,TX,1
200,28.9,-98.5,TX,1
201,28.9,-97.0,TX,1
202,28.9,-82.5,FL,1
203,28.9,-82.4,FL,1
204,28.9,-82.0,FL,2
205,28.9,-81.3,FL,2
206,28.9,-81.2,FL,2
207,29.0,-95.9,TX,1
208,29.0,-95.5,TX,1
209,29.0,-82.0,FL,1
210,29.0,-81.3,FL,1
211,29.0,-81.0,FL,1
212,29.1,-98.9,TX,1
213,29.1,-97.3,TX,1
214,29.1,-82.5,FL,1
215,29.1,-82.3,FL,2
216,29.1,-82.0,FL,1
217,29.1,-81.3,FL,1
218,29.1,-81.0,FL,2
219,29.2,-99.8,TX,1
220,29.2,-98.2,TX,1
221,29.2,-96.3,TX,1
222,29.2,-95.7,TX,1
223,29.2,-95.4,TX,1
224,29.2,-82.2,FL,1
225,29.2,-82.1,FL,1
226,29.2,-81.1,FL,1
227,29.2,-81.0,FL,1
228,29.3,-99.1,TX,1
229,29.3,-98.6,TX,1
230,29.3,-98.5,TX,1
231,29.3,-98.4,TX,1
232,29.3,-96.1,TX,1
233,29.3,-94.8,TX,1
234,29.3,-81.1,FL,1
235,29.4,-100.9,TX,1
236,29.4,-98.9,TX,1
237,29.4,-98.7,TX,2
238,29.4,-98.6,TX,2
239,29.4,-98.5,TX,1
240,29.4,-98.4,TX,1
241,29.4,-95.2,TX,1
242,29.4,-95.0,TX,1
243,29.5,-98.7,TX,5
244,29.5,-98.6,TX,3
245,29.5,-98.5,TX,2
246,29.5,-98.4,TX,3
247,29.5,-98.3,TX,3
248,29.5,-97.4,TX,1
249,29.5,-96.9,TX,1
250,29.5,-95.5,TX,1
251,29.5,-95.2,TX,1
252,29.5,-95.1,TX,2
253,29.5,-95.0,TX,1
254,29.5,-90.3,LA,1
255,29.5,-82.9,FL,1
256,29.5,-81.2,FL,1
257,29.6,-98.7,TX,1
258,29.6,-98.6,TX,2
259,29.6,-98.5,TX,2
260,29.6,-98.4,TX,2
261,29.6,-98.3,TX,1
262,29.6,-98.2,TX,1
263,29.6,-97.9,TX,1
264,29.6,-95.8,TX,1
265,29.6,-95.6,TX,3
266,29.6,-95.4,TX,2
267,29.6,-95.3,TX,1
268,29.6,-95.2,TX,3
269,29.6,-90.8,LA,1
270,29.6,-90.7,LA,2
271,29.6,-82.4,FL,1
272,29.6,-81.7,FL,1
273,29.7,-98.6,TX,1
274,29.7,-98.1,TX,1
275,29.7,-96.5,TX,1
276,29.7,-95.8,TX,2
277,29.7,-95.6,TX,5
278,29.7,-95.5,TX,5
279,29.7,-95.3,TX,1
280,29.7,-95.2,TX,1
281,29.7,-95.1,TX,1
282,29.7,-91.3,LA,1
283,29.7,-91.2,LA,1
284,29.7,-90.6,LA,1
285,29.7,-82.4,FL,1
286,29.7,-82.3,FL,1
287,29.8,-98.7,TX,1
288,29.8,-98.4,TX,1
289,29.8,-96.2,TX,1
290,29.8,-95.8,TX,2
291,29.8,-95.7,TX,2
292,29.8,-95.6,TX,2
293,29.8,-95.5,TX,1
294,29.8,-95.4,TX,2
295,29.8,-95.2,TX,2
296,29.8,-95.0,TX,1
297,29.8,-94.9,TX,1
298,29.8,-91.5,LA,1
299,29.8,-90.8,LA,2
300,29.9,-97.9,TX,1
301,29.9,-97.7,TX,1
302,29.9,-96.9,TX,1
303,29.9,-95.7,TX,4
304,29.9,-95.6,TX,1
305,29.9,-95.5,TX,2
306,29.9,-95.4,TX,1
307,29.9,-95.3,TX,1
308,29.9,-95.1,TX,1
309,29.9,-94.0,TX,1
310,29.9,-93.9,TX,1
311,29.9,-90.4,LA,1
312,29.9,-90.2,LA,1
313,29.9,-90.1,LA,4
314,29.9,-90.0,LA,2
315,29.9,-89.9,LA,1
316,29.9,-82.1,FL,1
317,29.9,-81.3,FL,1
318,30.0,-97.9,TX,1
319,30.0,-95.7,TX,1
320,30.0,-95.6,TX,2
321,30.0,-95.5,TX,1
322,30.0,-95.3,TX,1
323,30.0,-95.2,TX,2
324,30.0,-93.8,TX,1
325,30.0,-92.1,LA,1
326,30.0,-91.8,LA,2
327,30.0,-90.3,LA,1
328,30.0,-90.2,LA,2
329,30.0,-90.0,LA,3
330,30.1,-99.2,TX,1
331,30.1,-97.8,TX,1
332,30.1,-97.3,TX,1
333,30.1,-96.4,TX,1
334,30.1,-96.1,TX,1
335,30.1,-95.6,TX,2
336,30.1,-95.5,TX,2
337,30.1,-95.4,TX,4
338,30.1,-95.2,TX,2
339,30.1,-94.8,TX,1
340,30.1,-94.2,TX,1
341,30.1,-94.0,TX,1
342,30.1,-93.8,TX,1
343,30.1,-91.9,LA,1
344,30.1,-91.0,LA,1
345,30.1,-90.5,LA,1
346,30.1,-83.6,FL,1
347,30.1,-81.8,FL,3
348,30.1,-81.7,FL,1
349,30.1,-81.6,FL,1
350,30.2,-97.8,TX,3
351,30.2,-96.9,TX,1
352,30.2,-95.6,TX,1
353,30.2,-95.5,TX,1
354,30.2,-95.2,TX,1
355,30.2,-93.3,LA,1
356,30.2,-93.2,LA,3
357,30.2,-92.7,LA,1
358,30.2,-92.4,LA,1
359,30.2,-92.1,LA,1
360,30.2,-92.0,LA,2
361,30.2,-90.9,LA,1
362,30.2,-85.9,FL,1
363,30.2,-85.8,FL,1
364,30.2,-85.7,FL,1
365,30.2,-85.6,FL,2
366,30.2,-84.4,FL,1
367,30.2,-82.7,FL,1
368,30.2,-81.8,FL,1
369,30.2,-81.6,FL,3
370,30.3,-98.9,TX,1
371,30.3,-97.7,TX,1
372,30.3,-97.5,TX,1
373,30.3,-97.4,TX,1
374,30.3,-95.5,TX,1
375,30.3,-95.1,TX,1
376,30.3,-94.2,TX,1
377,30.3,-94.1,TX,1
378,30.3,-93.2,LA,2
379,30.3,-92.0,LA,1
380,30.3,-91.9,LA,1
381,30.3,-91.3,LA,1
382,30.3,-91.0,LA,2
383,30.3,-90.9,LA,1
384,30.3,-89.8,LA,3
385,30.3,-89.7,LA,1
386,30.3,-89.4,MS,1
387,30.3,-89.2,MS,1
388,30.3,-87.7,AL,1
389,30.3,-87.6,AL,1
390,30.3,-83.0,FL,1
391,30.3,-82.1,FL,1
392,30.3,-81.8,FL,3
393,30.3,-81.6,FL,2
394,30.3,-81.5,FL,4
395,30.4,-97.7,TX,2
396,30.4,-96.1,TX,1
397,30.4,-95.7,TX,1
398,30.4,-91.2,LA,2
399,30.4,-91.1,LA,5
400,30.4,-91.0,LA,2
401,30.4,-90.9,LA,1
402,30.4,-90.5,LA,1
403,30.4,-90.1,LA,2
404,30.4,-89.1,MS,1
405,30.4,-89.0,MS,3
406,30.4,-88.9,MS,2
407,30.4,-88.8,MS,2
408,30.4,-88.5,MS,1
409,30.4,-87.7,AL,1
410,30.4,-87.4,FL,1
411,30.4,-87.3,FL,2
412,30.4,-87.2,FL,1
413,30.4,-87.1,FL,1
414,30.4,-86.9,FL,1
415,30.4,-86.8,FL,1
416,30.4,-86.6,FL,1
417,30.4,-86.4,FL,1
418,30.4,-86.3,FL,1
419,30.4,-84.2,FL,1
420,30.4,-81.6,FL,1
421,30.5,-97.8,TX,3
422,30.5,-97.7,TX,1
423,30.5,-97.6,TX,2
424,30.5,-96.7,TX,1
425,30.5,-92.4,LA,1
426,30.5,-92.1,LA,2
427,30.5,-91.1,LA,2
428,30.5,-91.0,LA,2
429,30.5,-90.9,LA,1
430,30.5,-90.5,LA,1
431,30.5,-90.1,LA,1
432,30.5,-89.7,MS,1
433,30.5,-89.1,MS,1
434,30.5,-88.9,MS,1
435,30.5,-87.8,AL,1
436,30.5,-87.7,AL,1
437,30.5,-87.3,FL,3
438,30.5,-87.2,FL,2
439,30.5,-86.5,FL,1
440,30.5,-84.4,FL,1
441,30.5,-84.3,FL,1
442,30.5,-84.2,FL,2
443,30.5,-81.7,FL,1
444,30.5,-81.6,FL,1
445,30.6,-98.3,TX,1
446,30.6,-97.7,TX,1
447,30.6,-97.4,TX,1
448,30.6,-97.0,TX,1
449,30.6,-96.4,TX,1
450,30.6,-96.3,TX,1
451,30.6,-91.1,LA,1
452,30.6,-91.0,LA,1
453,30.6,-88.2,AL,5
454,30.6,-87.9,AL,1
455,30.6,-87.1,FL,1
456,30.6,-84.6,FL,1
457,30.6,-81.5,FL,2
458,30.7,-96.3,TX,1
459,30.7,-95.6,TX,1
460,30.7,-95.0,TX,1
461,30.7,-92.3,LA,1
462,30.7,-91.5,LA,1
463,30.7,-91.1,LA,1
464,30.7,-90.5,LA,1
465,30.7,-88.2,AL,3
466,30.7,-88.1,AL,2
467,30.7,-86.6,FL,1
468,30.7,-86.1,FL,1
469,30.7,-85.2,FL,1
470,30.8,-94.4,TX,1
471,30.8,-92.7,LA,1
472,30.8,-89.9,LA,1
473,30.8,-89.1,MS,1
474,30.8,-88.2,AL,1
475,30.8,-88.1,AL,1
476,30.8,-85.5,FL,1
477,30.8,-83.3,GA,1
478,30.8,-81.6,GA,1
479,30.9,-102.9,TX,1
480,30.9,-94.0,TX,1
481,30.9,-93.3,LA,1
482,30.9,-88.6,MS,1
483,30.9,-87.8,AL,1
484,30.9,-84.6,GA,1
485,30.9,-84.2,GA,1
486,30.9,-83.9,GA,1
487,30.9,-83.3,GA,2
488,31.0,-95.9,TX,1
489,31.0,-87.5,AL,1
490,31.1,-99.3,TX,1
491,31.1,-98.2,TX,1
492,31.1,-97.9,TX,1
493,31.1,-97.8,TX,2
494,31.1,-97.7,TX,4
495,31.1,-97.5,TX,1
496,31.1,-97.4,TX,2
497,31.1,-93.3,LA,1
498,31.1,-92.1,LA,1
499,31.1,-87.1,AL,1
500,31.1,-85.9,AL,1
501,31.1,-83.4,GA,1
502,31.2,-89.8,MS,1
503,31.2,-85.5,AL,1
504,31.2,-85.4,AL,1
505,31.2,-84.2,GA,1
506,31.2,-83.8,GA,1
507,31.2,-82.3,GA,2
508,31.2,-81.5,GA,2
509,31.3,-109.6,AZ,1
510,31.3,-96.9,TX,1
511,31.3,-95.4,TX,1
512,31.3,-94.7,TX,1
513,31.3,-92.5,LA,3
514,31.3,-92.4,LA,1
515,31.3,-90.5,MS,1
516,31.3,-89.4,MS,1
517,31.3,-89.3,MS,1
518,31.3,-86.4,AL,1
519,31.3,-85.8,AL,1
520,31.3,-85.4,AL,1
521,31.4,-110.9,AZ,1
522,31.4,-103.5,TX,1
523,31.4,-100.5,TX,2
524,31.4,-100.4,TX,1
525,31.4,-97.7,TX,1
526,31.4,-92.4,LA,1
527,31.4,-89.2,MS,1
528,31.4,-85.7,AL,1
529,31.4,-83.5,GA,1
530,31.5,-100.5,TX,2
531,31.5,-97.2,TX,3
532,31.5,-87.3,AL,1
533,31.5,-83.8,GA,1
534,31.5,-83.5,GA,1
535,31.5,-82.8,GA,1
536,31.6,-110.3,AZ,1
537,31.6,-97.1,TX,1
538,31.6,-94.6,TX,1
539,31.6,-93.5,LA,1
540,31.6,-91.5,LA,1
541,31.6,-91.4,MS,1
542,31.6,-90.5,MS,1
543,31.6,-87.9,AL,1
544,31.6,-84.2,GA,3
545,31.6,-84.1,GA,1
546,31.6,-81.9,GA,1
547,31.7,-106.3,TX,4
548,31.7,-106.2,TX,1
549,31.7,-100.0,TX,1
550,31.7,-99.0,TX,1
551,31.7,-96.5,TX,1
552,31.7,-95.6,TX,1
553,31.7,-94.7,TX,1
554,31.7,-92.1,LA,1
555,31.7,-89.1,MS,1
556,31.7,-88.6,MS,1
557,31.7,-83.2,GA,1
558,31.8,-106.6,TX,2
559,31.8,-106.4,TX,2
560,31.8,-106.3,TX,4
561,31.8,-106.2,TX,1
562,31.8,-94.2,TX,1
563,31.8,-93.1,LA,1
564,31.8,-86.6,AL,1
565,31.8,-85.9,AL,1
566,31.8,-85.2,AL,1
567,31.8,-82.4,GA,1
568,31.8,-81.6,GA,2
569,31.9,-111.0,AZ,1
570,31.9,-106.6,TX,2
571,31.9,-106.4,TX,3
572,31.9,-102.4,TX,1
573,31.9,-102.3,TX,1
574,31.9,-90.4,MS,1
575,31.9,-89.7,MS,1
576,31.9,-87.7,AL,1
577,31.9,-82.6,GA,1
578,31.9,-81.6,GA,1
579,32.0,-110.3,AZ,1
580,32.0,-102.1,TX,2
581,32.0,-97.1,TX,1
582,32.0,-95.3,TX,1
583,32.0,-92.7,LA,1
584,32.0,-83.8,GA,1
585,32.0,-81.3,GA,1
586,32.0,-81.2,GA,1
587,32.0,-81.1,GA,2
588,32.0,-81.0,GA,1
589,32.1,-111.0,AZ,2
590,32.1,-110.9,AZ,1
591,32.1,-110.8,AZ,1
592,32.1,-96.5,TX,1
593,32.1,-94.8,TX,1
594,32.1,-93.7,LA,1
595,32.1,-84.2,GA,1
596,32.1,-81.2,GA,2
597,32.2,-111.0,AZ,1
598,32.2,-110.9,AZ,2
599,32.2,-110.8,AZ,4
600,32.2,-101.5,TX,1
601,32.2,-98.2,TX,1
602,32.2,-95.8,TX,1
603,32.2,-94.4,TX,1
604,32.2,-92.7,LA,1
605,32.2,-91.7,LA,1
606,32.2,-90.3,MS,1
607,32.2,-90.2,MS,1
608,32.2,-83.2,GA,1
609,32.2,-82.4,GA,1
610,32.2,-80.7,SC,1
611,32.3,-111.0,AZ,5
612,32.3,-110.9,AZ,1
613,32.3,-107.7,NM,1
614,32.3,-106.8,NM,1
615,32.3,-106.7,NM,2
616,32.3,-97.4,TX,1
617,32.3,-96.6,TX,1
618,32.3,-96.1,TX,1
619,32.3,-95.3,TX,6
620,32.3,-90.9,MS,1
621,32.3,-90.3,MS,2
622,32.3,-90.0,MS,1
623,32.3,-89.5,MS,1
624,32.3,-89.1,MS,1
625,32.3,-86.2,AL,2
626,32.3,-81.2,GA,1
627,32.3,-81.0,SC,1
628,32.3,-80.9,SC,1
629,32.4,-111.1,AZ,1
630,32.4,-111.0,AZ,1
631,32.4,-110.9,AZ,1
632,32.4,-106.7,NM,1
633,32.4,-104.2,NM,1
634,32.4,-99.8,TX,1
635,32.4,-98.8,TX,1
636,32.4,-97.8,TX,1
637,32.4,-96.8,TX,1
638,32.4,-95.3,TX,1
639,32.4,-94.9,TX,1
640,32.4,-93.9,LA,1
641,32.4,-93.8,LA,2
642,32.4,-93.7,LA,1
643,32.4,-90.1,MS,1
644,32.4,-90.0,MS,1
645,32.4,-88.7,MS,3
646,32.4,-87.0,AL,1
647,32.4,-86.3,AL,2
648,32.4,-86.2,AL,1
649,32.4,-86.1,AL,1
650,32.4,-84.9,GA,1
651,32.4,-83.3,GA,1
652,32.4,-81.8,GA,2
653,32.4,-80.7,SC,1
654,32.4,-80.6,SC,1
655,32.5,-114.8,AZ,1
656,32.5,-100.4,TX,1
657,32.5,-99.7,TX,2
658,32.5,-97.4,TX,1
659,32.5,-97.3,TX,1
660,32.5,-97.0,TX,1
661,32.5,-96.8,TX,1
662,32.5,-95.9,TX,1
663,32.5,-95.4,TX,1
664,32.5,-94.8,TX,1
665,32.5,-94.7,TX,1
666,32.5,-93.7,LA,3
667,32.5,-92.6,LA,2
668,32.5,-92.2,LA,2
669,32.5,-92.1,LA,4
670,32.5,-91.8,LA,1
671,32.5,-90.1,MS,1
672,32.5,-87.8,AL,1
673,32.5,-86.4,AL,2
674,32.5,-86.2,AL,1
675,32.5,-85.1,AL,1
676,32.5,-85.0,AL,1
677,32.5,-85.0,GA,1
678,32.5,-84.9,GA,4
679,32.5,-83.7,GA,1
680,32.6,-117.1,CA,2
681,32.6,-117.0,CA,3
682,32.6,-97.4,TX,2
683,32.6,-97.3,TX,2
684,32.6,-97.1,TX,3
685,32.6,-96.9,TX,6
686,32.6,-96.8,TX,2
687,32.6,-96.5,TX,1
688,32.6,-96.3,TX,1
689,32.6,-94.8,TX,1
690,32.6,-94.4,TX,1
691,32.6,-93.8,LA,1
692,32.6,-93.6,LA,1
693,32.6,-93.3,LA,1
694,32.6,-90.1,MS,1
695,32.6,-85.9,AL,1
696,32.6,-85.5,AL,3
697,32.6,-85.4,AL,1
698,32.6,-84.9,GA,1
699,32.6,-83.7,GA,2
700,32.6,-83.6,GA,2
701,32.6,-83.0,GA,1
702,32.6,-82.3,GA,1
703,32.7,-117.1,CA,4
704,32.7,-115.5,CA,1
705,32.7,-114.7,AZ,1
706,32.7,-114.6,AZ,2
707,32.7,-114.5,AZ,1
708,32.7,-103.2,NM,1
709,32.7,-102.7,TX,1
710,32.7,-100.9,TX,1
711,32.7,-97.8,TX,1
712,32.7,-97.5,TX,1
713,32.7,-97.4,TX,2
714,32.7,-97.3,TX,2
715,32.7,-97.2,TX,3
716,32.7,-97.1,TX,1
717,32.7,-97.0,TX,2
718,32.7,-96.8,TX,1
719,32.7,-96.6,TX,1
720,32.7,-96.4,TX,1
721,32.7,-96.3,TX,1
722,32.7,-95.5,TX,1
723,32.7,-94.9,TX,1
724,32.7,-89.5,MS,1
725,32.7,-80.0,SC,1
726,32.8,-117.2,CA,1
727,32.8,-117.1,CA,1
728,32.8,-117.0,CA,4
729,32.8,-116.9,CA,2
730,32.8,-115.6,CA,1
731,32.8,-109.7,AZ,1
732,32.8,-108.2,NM,1
733,32.8,-104.4,NM,1
734,32.8,-98.9,TX,1
735,32.8,-98.1,TX,1
736,32.8,-97.7,TX,1
737,32.8,-97.5,TX,1
738,32.8,-97.4,TX,3
739,32.8,-97.3,TX,1
740,32.8,-97.2,TX,5
741,32.8,-97.1,TX,3
742,32.8,-97.0,TX,1
743,32.8,-96.9,TX,1
744,32.8,-96.8,TX,1
745,32.8,-96.7,TX,3
746,32.8,-96.6,TX,4
747,32.8,-92.4,LA,1
748,32.8,-91.9,LA,1
749,32.8,-89.1,MS,1
750,32.8,-86.6,AL,1
751,32.8,-85.2,AL,1
752,32.8,-83.7,GA,1
753,32.8,-80.1,SC,1
754,32.9,-111.7,AZ,1
755,32.9,-106.0,NM,1
756,32.9,-105.9,NM,1
757,32.9,-97.5,TX,1
758,32.9,-97.4,TX,1
759,32.9,-97.3,TX,3
760,32.9,-97.2,TX,3
761,32.9,-97.1,TX,2
762,32.9,-97.0,TX,1
763,32.9,-96.9,TX,2
764,32.9,-96.8,TX,3
765,32.9,-96.7,TX,3
766,32.9,-96.6,TX,4
767,32.9,-96.5,TX,3
768,32.9,-96.1,TX,1
769,32.9,-94.0,LA,1
770,32.9,-91.4,LA,1
771,32.9,-90.4,MS,1
772,32.9,-86.0,AL,1
773,32.9,-84.3,GA,1
774,32.9,-83.8,GA,1
775,32.9,-83.6,GA,1
776,32.9,-80.7,SC,1
777,32.9,-80.0,SC,2
778,32.9,-79.8,SC,1
779,33.0,-117.0,CA,1
780,33.0,-115.5,CA,1
781,33.0,-112.0,AZ,1
782,33.0,-111.5,AZ,1
783,33.0,-99.8,TX,1
784,33.0,-97.4,TX,1
785,33.0,-97.2,TX,1
786,33.0,-97.1,TX,1
787,33.0,-97.0,TX,2
788,33.0,-96.9,TX,4
789,33.0,-96.8,TX,5
790,33.0,-96.7,TX,2
791,33.0,-96.6,TX,5
792,33.0,-96.5,TX,1
793,33.0,-96.3,TX,1
794,33.0,-93.5,LA,1
795,33.0,-87.2,AL,1
796,33.0,-85.0,GA,1
797,33.0,-83.9,GA,1
798,33.0,-82.8,GA,1
799,33.0,-80.2,SC,4
800,33.0,-80.1,SC,2
801,33.0,-80.0,SC,2
802,33.1,-117.3,CA,1
803,33.1,-117.1,CA,3
804,33.1,-98.6,TX,1
805,33.1,-97.1,TX,1
806,33.1,-97.0,TX,2
807,33.1,-96.9,TX,2
808,33.1,-96.8,TX,4
809,33.1,-96.7,TX,3
810,33.1,-96.6,TX,2
811,33.1,-96.1,TX,2
812,33.1,-95.6,TX,1
813,33.1,-95.0,TX,1
814,33.1,-94.2,TX,1
815,33.1,-91.9,AR,1
816,33.1,-89.6,MS,1
817,33.1,-89.1,MS,1
818,33.1,-86.8,AL,1
819,33.1,-85.0,GA,1
820,33.1,-83.3,GA,1
821,33.1,-82.0,GA,1
822,33.2,-117.4,CA,1
823,33.2,-117.3,CA,3
824,33.2,-117.2,CA,1
825,33.2,-111.6,AZ,1
826,33.2,-107.2,NM,1
827,33.2,-97.6,TX,1
828,33.2,-97.2,TX,1
829,33.2,-97.1,TX,2
830,33.2,-97.0,TX,1
831,33.2,-96.9,TX,1
832,33.2,-96.7,TX,3
833,33.2,-96.6,TX,1
834,33.2,-96.5,TX,1
835,33.2,-95.9,TX,1
836,33.2,-92.7,AR,1
837,33.2,-87.6,AL,2
838,33.2,-87.5,AL,2
839,33.2,-86.8,AL,2
840,33.2,-86.3,AL,1
841,33.2,-85.4,AL,1
842,33.2,-81.4,SC,1
843,33.2,-80.0,SC,1
844,33.3,-111.9,AZ,3
845,33.3,-111.8,AZ,3
846,33.3,-111.7,AZ,2
847,33.3,-111.6,AZ,1
848,33.3,-105.6,NM,1
849,33.3,-96.6,TX,1
850,33.3,-93.2,AR,1
851,33.3,-86.9,AL,1
852,33.3,-86.8,AL,1
853,33.3,-86.6,AL,1
854,33.3,-84.3,GA,1
855,33.3,-83.4,GA,1
856,33.4,-112.6,AZ,1
857,33.4,-112.2,AZ,1
858,33.4,-112.1,AZ,1
859,33.4,-112.0,AZ,2
860,33.4,-111.9,AZ,3
861,33.4,-111.8,AZ,4
862,33.4,-111.7,AZ,5
863,33.4,-111.6,AZ,2
864,33.4,-110.8,AZ,1
865,33.4,-94.1,TX,3
866,33.4,-91.0,MS,1
867,33.4,-88.9,MS,1
868,33.4,-87.0,AL,1
869,33.4,-86.8,AL,4
870,33.4,-86.7,AL,2
871,33.4,-86.1,AL,1
872,33.4,-84.7,GA,1
873,33.4,-84.6,GA,1
874,33.4,-84.3,GA,1
875,33.4,-84.2,GA,1
876,33.4,-84.1,GA,1
877,33.4,-82.1,GA,2
878,33.4,-79.3,SC,1
879,33.5,-117.6,CA,1
880,33.5,-117.1,CA,1
881,33.5,-112.4,AZ,2
882,33.5,-112.3,AZ,2
883,33.5,-112.2,AZ,3
884,33.5,-112.1,AZ,2
885,33.5,-112.0,AZ,1
886,33.5,-111.9,AZ,1
887,33.5,-111.8,AZ,1
888,33.5,-104.5,NM,1
889,33.5,-102.0,TX,1
890,33.5,-101.9,TX,3
891,33.5,-97.8,TX,1
892,33.5,-94.4,TX,1
893,33.5,-94.1,TX,1
894,33.5,-94.0,AR,1
895,33.5,-90.7,MS,1
896,33.5,-90.2,MS,1
897,33.5,-88.4,MS,1
898,33.5,-87.0,AL,1
899,33.5,-86.8,AL,1
900,33.5,-86.7,AL,1
901,33.5,-85.1,GA,1
902,33.5,-84.4,GA,1
903,33.5,-84.2,GA,1
904,33.5,-82.5,GA,1
905,33.5,-82.2,GA,2
906,33.5,-82.1,GA,4
907,33.5,-82.0,SC,1
908,33.5,-81.7,SC,1
909,33.5,-80.9,SC,2
910,33.6,-117.7,CA,1
911,33.6,-117.6,CA,1
912,33.6,-117.2,CA,1
913,33.6,-112.4,AZ,3
914,33.6,-112.3,AZ,1
915,33.6,-112.2,AZ,6
916,33.6,-112.1,AZ,3
917,33.6,-112.0,AZ,2
918,33.6,-111.9,AZ,1
919,33.6,-102.4,TX,1
920,33.6,-101.9,TX,2
921,33.6,-97.1,TX,1
922,33.6,-96.2,TX,1
923,33.6,-92.8,AR,1
924,33.6,-91.8,AR,1
925,33.6,-91.4,AR,1
926,33.6,-88.7,MS,1
927,33.6,-86.9,AL,1
928,33.6,-86.8,AL,1
929,33.6,-86.7,AL,2
930,33.6,-86.6,AL,1
931,33.6,-86.5,AL,1
932,33.6,-86.3,AL,1
933,33.6,-85.8,AL,1
934,33.6,-84.5,GA,2
935,33.6,-84.4,GA,1
936,33.6,-84.3,GA,3
937,33.6,-84.0,GA,1
938,33.6,-83.8,GA,1
939,33.6,-83.5,GA,1
940,33.6,-82.1,GA,1
941,33.6,-81.9,SC,1
942,33.6,-81.8,SC,1
943,33.6,-79.0,SC,4
944,33.7,-118.0,CA,2
945,33.7,-117.9,CA,1
946,33.7,-117.8,CA,1
947,33.7,-117.7,CA,2
948,33.7,-117.3,CA,1
949,33.7,-117.0,CA,2
950,33.7,-116.4,CA,1
951,33.7,-116.3,CA,1
952,33.7,-116.2,CA,2
953,33.7,-112.3,AZ,1
954,33.7,-112.2,AZ,3
955,33.7,-112.1,AZ,1
956,33.7,-96.6,TX,2
957,33.7,-95.5,TX,1
958,33.7,-94.1,AR,1
959,33.7,-93.6,AR,1
960,33.7,-87.8,AL,1
961,33.7,-87.0,AL,1
962,33.7,-85.8,AL,1
963,33.7,-85.2,GA,1
964,33.7,-84.9,GA,1
965,33.7,-84.8,GA,1
966,33.7,-84.5,GA,1
967,33.7,-84.4,GA,2
968,33.7,-84.3,GA,1
969,33.7,-84.2,GA,1
970,33.7,-84.1,GA,1
971,33.7,-84.0,GA,1
972,33.7,-80.2,SC,1
973,33.7,-79.0,SC,1
974,33.7,-78.9,SC,3
975,33.8,-118.4,CA,1
976,33.8,-118.3,CA,1
977,33.8,-118.2,CA,1
978,33.8,-118.1,CA,1
979,33.8,-118.0,CA,6
980,33.8,-117.9,CA,3
981,33.8,-117.8,CA,1
982,33.8,-117.5,CA,1
983,33.8,-117.2,CA,1
984,33.8,-117.0,CA,1
985,33.8,-116.5,CA,1
986,33.8,-116.4,CA,1
987,33.8,-112.0,AZ,1
988,33.8,-96.6,TX,1
989,33.8,-92.4,AR,1
990,33.8,-90.7,MS,1
991,33.8,-89.8,MS,1
992,33.8,-87.3,AL,1
993,33.8,-86.4,AL,1
994,33.8,-85.8,AL,1
995,33.8,-84.6,GA,1
996,33.8,-84.4,GA,2
997,33.8,-84.3,GA,2
998,33.8,-84.2,GA,1
999,33.8,-84.1,GA,1
1000,33.8,-84.0,GA,1
1001,33.8,-83.9,GA,1
1002,33.8,-83.7,GA,1
1003,33.8,-79.0,SC,1
1004,33.8,-78.8,SC,1
1005,33.8,-78.7,SC,1
1006,33.9,-118.4,CA,2
1007,33.9,-118.3,CA,1
1008,33.9,-118.2,CA,1
1009,33.9,-118.1,CA,6
1010,33.9,-118.0,CA,3
1011,33.9,-117.9,CA,3
1012,33.9,-117.6,CA,1
1013,33.9,-117.5,CA,2
1014,33.9,-117.3,CA,1
1015,33.9,-117.2,CA,1
1016,33.9,-117.0,CA,1
1017,33.9,-112.2,AZ,1
1018,33.9,-98.5,TX,2
1019,33.9,-94.8,OK,1
1020,33.9,-93.9,AR,1
1021,33.9,-89.0,MS,1
1022,33.9,-87.8,AL,1
1023,33.9,-84.8,GA,1
1024,33.9,-84.7,GA,1
1025,33.9,-84.6,GA,3
1026,33.9,-84.5,GA,2
1027,33.9,-84.3,GA,3
1028,33.9,-84.2,GA,3
1029,33.9,-84.1,GA,2
1030,33.9,-84.0,GA,3
1031,33.9,-83.4,GA,2
1032,33.9,-83.3,GA,1
1033,33.9,-81.5,SC,1
1034,33.9,-81.2,SC,2
1035,33.9,-80.4,SC,2
1036,33.9,-79.8,SC,1
1037,33.9,-79.1,SC,1
1038,33.9,-78.0,NC,1
1039,34.0,-118.2,CA,1
1040,34.0,-118.1,CA,1
1041,34.0,-117.9,CA,2
1042,34.0,-117.8,CA,2
1043,34.0,-117.7,CA,1
1044,34.0,-117.5,CA,1
1045,34.0,-117.2,CA,1
1046,34.0,-98.5,TX,1
1047,34.0,-96.4,OK,1
1048,34.0,-95.5,OK,1
1049,34.0,-94.7,OK,1
1050,34.0,-94.3,AR,1
1051,34.0,-88.5,MS,1
1052,34.0,-86.4,AL,1
1053,34.0,-86.1,AL,1
1054,34.0,-86.0,AL,1
1055,34.0,-85.2,GA,1
1056,34.0,-85.0,GA,1
1057,34.0,-84.7,GA,2
1058,34.0,-84.6,GA,1
1059,34.0,-84.5,GA,1
1060,34.0,-84.4,GA,1
1061,34.0,-84.3,GA,1
1062,34.0,-84.2,GA,1
1063,34.0,-84.1,GA,1
1064,34.0,-84.0,GA,1
1065,34.0,-83.8,GA,1
1066,34.0,-81.2,SC,1
1067,34.0,-81.1,SC,3
1068,34.0,-81.0,SC,1
1069,34.0,-80.9,SC,1
1070,34.0,-80.4,SC,1
1071,34.0,-78.4,NC,1
1072,34.1,-118.1,CA,1
1073,34.1,-118.0,CA,2
1074,34.1,-117.9,CA,2
1075,34.1,-117.8,CA,1
1076,34.1,-117.7,CA,3
1077,34.1,-117.6,CA,1
1078,34.1,-117.5,CA,1
1079,34.1,-117.4,CA,3
1080,34.1,-117.3,CA,1
1081,34.1,-117.2,CA,2
1082,34.1,-116.4,CA,1
1083,34.1,-106.9,NM,1
1084,34.1,-96.8,OK,1
1085,34.1,-93.1,AR,1
1086,34.1,-88.0,AL,1
1087,34.1,-86.8,AL,1
1088,34.1,-84.6,GA,1
1089,34.1,-84.5,GA,1
1090,34.1,-84.3,GA,1
1091,34.1,-84.2,GA,1
1092,34.1,-84.0,GA,1
1093,34.1,-83.9,GA,1
1094,34.1,-81.2,SC,2
1095,34.1,-81.1,SC,1
1096,34.1,-81.0,SC,1
1097,34.1,-80.9,SC,1
1098,34.1,-77.9,NC,1
1099,34.2,-119.2,CA,3
1100,34.2,-119.1,CA,1
1101,34.2,-118.9,CA,1
1102,34.2,-118.6,CA,1
1103,34.2,-118.4,CA,2
1104,34.2,-118.3,CA,1
1105,34.2,-117.3,CA,1
1106,34.2,-114.3,AZ,1
1107,34.2,-111.3,AZ,1
1108,34.2,-110.0,AZ,1
1109,34.2,-103.3,NM,1
1110,34.2,-101.8,TX,1
1111,34.2,-99.3,TX,1
1112,34.2,-97.1,OK,1
1113,34.2,-92.0,AR,1
1114,34.2,-90.6,MS,1
1115,34.2,-88.4,MS,1
1116,34.2,-87.6,AL,1
1117,34.2,-86.9,AL,1
1118,34.2,-86.2,AL,1
1119,34.2,-85.7,AL,1
1120,34.2,-85.1,GA,1
1121,34.2,-84.8,GA,1
1122,34.2,-84.5,GA,1
1123,34.2,-84.2,GA,1
1124,34.2,-84.1,GA,1
1125,34.2,-83.9,GA,1
1126,34.2,-83.5,GA,1
1127,34.2,-82.2,SC,1
1128,34.2,-82.1,SC,1
1129,34.2,-79.8,SC,3
1130,34.2,-79.3,SC,1
1131,34.2,-78.0,NC,1
1132,34.2,-77.9,NC,1
1133,34.3,-119.2,CA,1
1134,34.3,-118.8,CA,1
1135,34.3,-118.7,CA,1
1136,34.3,-118.6,CA,1
1137,34.3,-92.4,AR,1
1138,34.3,-89.9,MS,1
1139,34.3,-89.0,MS,1
1140,34.3,-88.7,MS,3
1141,34.3,-86.5,AL,1
1142,34.3,-86.3,AL,1
1143,34.3,-85.2,GA,1
1144,34.3,-84.5,GA,1
1145,34.3,-84.1,GA,1
1146,34.3,-83.9,GA,2
1147,34.3,-83.8,GA,1
1148,34.3,-82.9,GA,1
1149,34.3,-81.6,SC,1
1150,34.3,-80.6,SC,1
1151,34.3,-79.9,SC,1
1152,34.3,-78.7,NC,1
1153,34.3,-77.8,NC,1
1154,34.4,-118.6,CA,2
1155,34.4,-118.5,CA,1
1156,34.4,-117.4,CA,1
1157,34.4,-103.2,NM,1
1158,34.4,-100.2,TX,1
1159,34.4,-96.1,OK,1
1160,34.4,-92.8,AR,1
1161,34.4,-89.6,MS,1
1162,34.4,-85.8,AL,1
1163,34.4,-84.0,GA,1
1164,34.4,-80.1,SC,1
1165,34.4,-79.4,SC,1
1166,34.4,-77.6,NC,1
1167,34.5,-117.4,CA,2
1168,34.5,-117.2,CA,1
1169,34.5,-110.1,AZ,1
1170,34.5,-98.0,OK,1
1171,34.5,-97.0,OK,1
1172,34.5,-93.1,AR,3
1173,34.5,-93.0,AR,1
1174,34.5,-91.5,AR,1
1175,34.5,-89.0,MS,1
1176,34.5,-87.7,AL,1
1177,34.5,-87.3,AL,1
1178,34.5,-86.9,AL,1
1179,34.5,-85.3,GA,1
1180,34.5,-84.9,GA,1
1181,34.5,-84.5,GA,1
1182,34.5,-84.0,GA,1
1183,34.5,-83.5,GA,1
1184,34.5,-83.3,GA,1
1185,34.5,-82.7,SC,1
1186,34.5,-82.6,SC,1
1187,34.5,-82.0,SC,1
1188,34.6,-118.2,CA,1
1189,34.6,-118.1,CA,1
1190,34.6,-118.0,CA,1
1191,34.6,-114.4,AZ,1
1192,34.6,-112.5,AZ,1
1193,34.6,-112.4,AZ,1
1194,34.6,-112.3,AZ,1
1195,34.6,-98.5,OK,1
1196,34.6,-98.4,OK,2
1197,34.6,-94.2,AR,1
1198,34.6,-93.1,AR,1
1199,34.6,-92.6,AR,1
1200,34.6,-92.5,AR,1
1201,34.6,-90.7,AR,1
1202,34.6,-90.0,MS,1
1203,34.6,-87.0,AL,2
1204,34.6,-86.6,AL,1
1205,34.6,-86.5,AL,1
1206,34.6,-83.8,GA,1
1207,34.6,-82.7,SC,1
1208,34.6,-79.7,SC,1
1209,34.6,-79.0,NC,1
1210,34.6,-78.6,NC,1
1211,34.7,-120.5,CA,1
1212,34.7,-118.2,CA,1
1213,34.7,-118.1,CA,1
1214,34.7,-112.0,AZ,1
1215,34.7,-106.8,NM,1
1216,34.7,-99.3,OK,1
1217,34.7,-97.2,OK,1
1218,34.7,-92.4,AR,3
1219,34.7,-89.5,MS,1
1220,34.7,-89.0,MS,1
1221,34.7,-88.6,MS,1
1222,34.7,-87.7,AL,1
1223,34.7,-86.7,AL,2
1224,34.7,-86.6,AL,2
1225,34.7,-86.5,AL,1
1226,34.7,-86.0,AL,1
1227,34.7,-85.3,GA,1
1228,34.7,-84.5,GA,1
1229,34.7,-83.0,SC,1
1230,34.7,-82.8,SC,2
1231,34.7,-82.3,SC,2
1232,34.7,-81.6,SC,1
1233,34.7,-81.2,SC,1
1234,34.7,-80.8,SC,1
1235,34.7,-79.9,SC,1
1236,34.7,-79.2,NC,1
1237,34.7,-79.0,NC,1
1238,34.7,-78.0,NC,1
1239,34.7,-76.8,NC,1
1240,34.8,-106.8,NM,1
1241,34.8,-102.4,TX,1
1242,34.8,-97.6,OK,1
1243,34.8,-96.7,OK,1
1244,34.8,-92.5,AR,1
1245,34.8,-92.4,AR,1
1246,34.8,-92.2,AR,3
1247,34.8,-91.9,AR,1
1248,34.8,-90.0,MS,1
1249,34.8,-88.2,MS,1
1250,34.8,-87.7,AL,2
1251,34.8,-87.6,AL,1
1252,34.8,-87.0,AL,1
1253,34.8,-86.8,AL,2
1254,34.8,-86.7,AL,1
1255,34.8,-86.6,AL,2
1256,34.8,-86.5,AL,1
1257,34.8,-85.0,GA,2
1258,34.8,-84.9,GA,1
1259,34.8,-82.5,SC,2
1260,34.8,-82.3,SC,2
1261,34.8,-79.5,NC,1
1262,34.8,-79.0,NC,1
1263,34.8,-77.5,NC,1
1264,34.8,-77.4,NC,2
1265,34.8,-76.9,NC,1
1266,34.9,-120.5,CA,1
1267,34.9,-120.4,CA,2
1268,34.9,-117.0,CA,1
1269,34.9,-95.7,OK,1
1270,34.9,-92.1,AR,1
1271,34.9,-88.5,MS,1
1272,34.9,-86.6,AL,1
1273,34.9,-85.2,GA,1
1274,34.9,-84.3,GA,1
1275,34.9,-84.0,GA,1
1276,34.9,-83.4,GA,1
1277,34.9,-82.7,SC,1
1278,34.9,-82.5,SC,1
1279,34.9,-82.4,SC,2
1280,34.9,-82.3,SC,2
1281,34.9,-82.2,SC,2
1282,34.9,-82.0,SC,1
1283,34.9,-81.9,SC,1
1284,34.9,-81.0,SC,1
1285,34.9,-79.7,NC,1
1286,34.9,-77.6,NC,1
1287,34.9,-76.9,NC,1
1288,35.0,-114.6,AZ,1
1289,35.0,-110.7,AZ,1
1290,35.0,-106.7,NM,1
1291,35.0,-101.9,TX,1
1292,35.0,-99.1,OK,1
1293,35.0,-97.9,OK,1
1294,35.0,-97.4,OK,1
1295,35.0,-92.0,AR,2
1296,35.0,-90.8,AR,1
1297,35.0,-90.1,MS,1
1298,35.0,-90.0,MS,2
1299,35.0,-90.0,TN,1
1300,35.0,-89.8,MS,1
1301,35.0,-89.8,TN,2
1302,35.0,-89.7,TN,1
1303,35.0,-85.7,TN,1
1304,35.0,-85.4,TN,1
1305,35.0,-85.2,GA,1
1306,35.0,-85.2,TN,4
1307,35.0,-85.1,TN,1
1308,35.0,-82.4,SC,1
1309,35.0,-81.9,SC,1
1310,35.0,-81.2,SC,1
1311,35.0,-81.1,SC,1
1312,35.0,-81.0,SC,2
1313,35.0,-80.9,SC,1
1314,35.0,-80.8,NC,1
1315,35.0,-80.8,SC,1
1316,35.0,-80.6,NC,1
1317,35.0,-80.1,NC,1
1318,35.0,-79.2,NC,1
1319,35.0,-79.1,NC,1
1320,35.0,-79.0,NC,2
1321,35.0,-78.9,NC,2
1322,35.0,-78.4,NC,1
1323,35.1,-120.6,CA,1
1324,35.1,-114.6,AZ,1
1325,35.1,-107.8,NM,1
1326,35.1,-106.7,NM,3
1327,35.1,-106.6,NM,3
1328,35.1,-106.5,NM,5
1329,35.1,-106.2,NM,1
1330,35.1,-101.9,TX,2
1331,35.1,-98.3,OK,1
1332,35.1,-96.4,OK,1
1333,35.1,-94.6,OK,1
1334,35.1,-93.9,AR,1
1335,35.1,-92.5,AR,2
1336,35.1,-92.4,AR,1
1337,35.1,-91.9,AR,1
1338,35.1,-89.9,TN,1
1339,35.1,-89.8,TN,1
1340,35.1,-88.6,TN,1
1341,35.1,-86.6,TN,1
1342,35.1,-85.3,TN,2
1343,35.1,-85.1,TN,1
1344,35.1,-84.9,TN,1
1345,35.1,-84.0,NC,1
1346,35.1,-82.0,SC,1
1347,35.1,-81.7,SC,1
1348,35.1,-81.1,SC,1
1349,35.1,-80.9,NC,2
1350,35.1,-80.8,NC,1
1351,35.1,-80.7,NC,1
1352,35.1,-80.6,NC,1
1353,35.1,-79.1,NC,1
1354,35.1,-79.0,NC,1
1355,35.1,-78.9,NC,2
1356,35.1,-77.1,NC,2
1357,35.1,-76.8,NC,1
1358,35.2,-114.0,AZ,1
1359,35.2,-111.7,AZ,1
1360,35.2,-111.6,AZ,1
1361,35.2,-106.7,NM,4
1362,35.2,-101.9,TX,3
1363,35.2,-101.8,TX,2
1364,35.2,-97.5,OK,2
1365,35.2,-97.4,OK,3
1366,35.2,-96.7,OK,1
1367,35.2,-94.3,AR,1
1368,35.2,-93.2,AR,1
1369,35.2,-92.7,AR,1
1370,35.2,-92.4,AR,1
1371,35.2,-91.8,AR,1
1372,35.2,-91.7,AR,1
1373,35.2,-90.2,AR,2
1374,35.2,-89.9,TN,1
1375,35.2,-89.8,TN,3
1376,35.2,-89.5,TN,1
1377,35.2,-88.2,TN,1
1378,35.2,-87.1,TN,1
1379,35.2,-86.1,TN,1
1380,35.2,-85.2,TN,3
1381,35.2,-84.8,TN,1
1382,35.2,-83.4,NC,1
1383,35.2,-81.4,NC,1
1384,35.2,-81.1,NC,1
1385,35.2,-80.9,NC,1
1386,35.2,-80.8,NC,1
1387,35.2,-80.7,NC,2
1388,35.2,-79.4,NC,1
1389,35.2,-79.0,NC,2
1390,35.2,-78.1,NC,1
1391,35.3,-119.1,CA,1
1392,35.3,-119.0,CA,1
1393,35.3,-106.6,NM,1
1394,35.3,-97.6,OK,2
1395,35.3,-97.5,OK,3
1396,35.3,-95.1,OK,1
1397,35.3,-94.4,AR,2
1398,35.3,-93.7,AR,1
1399,35.3,-93.2,AR,1
1400,35.3,-93.1,AR,1
1401,35.3,-90.8,AR,1
1402,35.3,-89.0,TN,1
1403,35.3,-87.3,TN,1
1404,35.3,-82.7,NC,1
1405,35.3,-82.4,NC,1
1406,35.3,-81.9,NC,1
1407,35.3,-81.5,NC,1
1408,35.3,-81.2,NC,2
1409,35.3,-81.1,NC,1
1410,35.3,-81.0,NC,1
1411,35.3,-80.9,NC,1
1412,35.3,-80.8,NC,1
1413,35.3,-80.7,NC,1
1414,35.3,-80.5,NC,1
1415,35.3,-80.2,NC,1
1416,35.3,-78.6,NC,1
1417,35.3,-77.9,NC,1
1418,35.3,-77.6,NC,1
1419,35.4,-119.1,CA,3
1420,35.4,-119.0,CA,2
1421,35.4,-118.9,CA,1
1422,35.4,-99.4,OK,1
1423,35.4,-97.7,OK,1
1424,35.4,-97.6,OK,1
1425,35.4,-97.5,OK,4
1426,35.4,-97.4,OK,2
1427,35.4,-96.9,OK,1
1428,35.4,-96.0,OK,1
1429,35.4,-94.4,AR,2
1430,35.4,-94.3,AR,1
1431,35.4,-93.5,AR,1
1432,35.4,-89.9,TN,1
1433,35.4,-86.2,TN,1
1434,35.4,-85.4,TN,1
1435,35.4,-83.2,NC,1
1436,35.4,-81.3,NC,1
1437,35.4,-80.8,NC,1
1438,35.4,-80.7,NC,2
1439,35.4,-80.6,NC,1
1440,35.4,-79.8,NC,1
1441,35.4,-79.1,NC,1
1442,35.4,-78.1,NC,1
1443,35.4,-77.9,NC,2
1444,35.5,-108.8,NM,1
1445,35.5,-98.7,OK,1
1446,35.5,-98.0,OK,1
1447,35.5,-97.8,OK,1
1448,35.5,-97.7,OK,1
1449,35.5,-97.6,OK,3
1450,35.5,-97.5,OK,1
1451,35.5,-97.4,OK,2
1452,35.5,-97.3,OK,1
1453,35.5,-95.5,OK,1
1454,35.5,-94.8,OK,1
1455,35.5,-94.4,AR,1
1456,35.5,-94.2,AR,1
1457,35.5,-93.8,AR,1
1458,35.5,-92.0,AR,1
1459,35.5,-89.7,TN,1
1460,35.5,-86.8,TN,1
1461,35.5,-86.5,TN,1
1462,35.5,-86.0,TN,1
1463,35.5,-85.0,TN,1
1464,35.5,-84.6,TN,1
1465,35.5,-84.4,TN,1
1466,35.5,-83.0,NC,1
1467,35.5,-82.5,NC,2
1468,35.5,-81.2,NC,1
1469,35.5,-81.0,NC,1
1470,35.5,-80.6,NC,1
1471,35.5,-78.3,NC,1
1472,35.6,-120.7,CA,1
1473,35.6,-119.4,CA,1
1474,35.6,-117.7,CA,1
1475,35.6,-106.0,NM,1
1476,35.6,-105.2,NM,1
1477,35.6,-101.0,TX,1
1478,35.6,-97.7,OK,1
1479,35.6,-97.6,OK,1
1480,35.6,-97.5,OK,3
1481,35.6,-97.4,OK,1
1482,35.6,-96.0,OK,1
1483,35.6,-92.5,AR,1
1484,35.6,-91.3,AR,1
1485,35.6,-89.2,TN,1
1486,35.6,-88.8,TN,1
1487,35.6,-87.5,TN,1
1488,35.6,-87.1,TN,1
1489,35.6,-84.5,TN,1
1490,35.6,-82.5,NC,1
1491,35.6,-82.0,NC,1
1492,35.6,-80.9,NC,1
1493,35.6,-80.8,NC,1
1494,35.6,-78.8,NC,2
1495,35.6,-78.6,NC,1
1496,35.6,-77.4,NC,4
1497,35.6,-77.3,NC,1
1498,35.6,-77.1,NC,1
1499,35.7,-119.2,CA,1
1500,35.7,-106.0,NM,1
1501,35.7,-101.4,TX,1
1502,35.7,-97.5,OK,2
1503,35.7,-96.8,OK,1
1504,35.7,-90.5,AR,1
1505,35.7,-90.0,AR,1
1506,35.7,-88.9,TN,1
1507,35.7,-88.4,TN,1
1508,35.7,-85.8,TN,1
1509,35.7,-84.0,TN,1
1510,35.7,-82.6,NC,1
1511,35.7,-81.7,NC,1
1512,35.7,-81.3,NC,2
1513,35.7,-81.2,NC,2
1514,35.7,-80.5,NC,1
1515,35.7,-79.8,NC,1
1516,35.7,-79.4,NC,1
1517,35.7,-78.8,NC,2
1518,35.7,-78.7,NC,1
1519,35.7,-78.5,NC,1
1520,35.7,-77.9,NC,1
1521,35.8,-102.0,TX,1
1522,35.8,-97.9,OK,1
1523,35.8,-96.4,OK,1
1524,35.8,-95.4,OK,1
1525,35.8,-94.6,OK,1
1526,35.8,-91.6,AR,1
1527,35.8,-90.7,AR,4
1528,35.8,-89.5,TN,1
1529,35.8,-88.9,TN,1
1530,35.8,-86.9,TN,1
1531,35.8,-86.4,TN,2
1532,35.8,-86.3,TN,1
1533,35.8,-84.3,TN,1
1534,35.8,-84.0,TN,1
1535,35.8,-83.6,TN,1
1536,35.8,-81.7,NC,1
1537,35.8,-81.4,NC,1
1538,35.8,-81.3,NC,1
1539,35.8,-80.9,NC,1
1540,35.8,-80.3,NC,2
1541,35.8,-79.8,NC,1
1542,35.8,-78.9,NC,1
1543,35.8,-78.8,NC,2
1544,35.8,-78.6,NC,2
1545,35.8,-78.5,NC,1
1546,35.8,-78.3,NC,1
1547,35.8,-77.9,NC,1
1548,35.8,-77.1,NC,1
1549,35.9,-97.4,OK,1
1550,35.9,-95.0,OK,1
1551,35.9,-92.1,AR,1
1552,35.9,-89.9,AR,1
1553,35.9,-88.7,TN,1
1554,35.9,-86.8,TN,1
1555,35.9,-86.5,TN,1
1556,35.9,-86.4,TN,2
1557,35.9,-85.5,TN,1
1558,35.9,-84.7,TN,1
1559,35.9,-84.1,TN,2
1560,35.9,-83.8,TN,1
1561,35.9,-83.5,TN,1
1562,35.9,-83.2,TN,1
1563,35.9,-82.0,NC,1
1564,35.9,-81.5,NC,2
1565,35.9,-81.2,NC,1
1566,35.9,-80.6,NC,1
1567,35.9,-80.1,NC,1
1568,35.9,-80.0,NC,1
1569,35.9,-79.9,NC,1
1570,35.9,-79.1,NC,1
1571,35.9,-78.8,NC,2
1572,35.9,-78.7,NC,1
1573,35.9,-78.6,NC,1
1574,35.9,-77.5,NC,1
1575,36.0,-115.2,NV,2
1576,36.0,-115.1,NV,1
1577,36.0,-115.0,NV,2
1578,36.0,-106.1,NM,1
1579,36.0,-96.7,OK,1
1580,36.0,-96.1,OK,1
1581,36.0,-96.0,OK,3
1582,36.0,-95.9,OK,3
1583,36.0,-95.8,OK,3
1584,36.0,-95.7,OK,1
1585,36.0,-95.4,OK,1
1586,36.0,-94.3,AR,1
1587,36.0,-90.5,AR,1
1588,36.0,-88.4,TN,1
1589,36.0,-87.1,TN,1
1590,36.0,-86.7,TN,2
1591,36.0,-86.5,TN,2
1592,36.0,-85.8,TN,1
1593,36.0,-85.0,TN,1
1594,36.0,-84.3,TN,1
1595,36.0,-84.0,TN,2
1596,36.0,-83.9,TN,2
1597,36.0,-80.4,NC,1
1598,36.0,-80.3,NC,1
1599,36.0,-80.0,NC,2
1600,36.0,-79.8,NC,3
1601,36.0,-79.0,NC,1
1602,36.0,-78.8,NC,1
1603,36.0,-78.5,NC,1
1604,36.0,-77.9,NC,1
1605,36.0,-77.8,NC,1
1606,36.1,-119.0,CA,1
1607,36.1,-115.3,NV,1
1608,36.1,-115.2,NV,2
1609,36.1,-115.1,NV,4
1610,36.1,-115.0,NV,1
1611,36.1,-97.1,OK,1
1612,36.1,-97.0,OK,2
1613,36.1,-96.1,OK,1
1614,36.1,-96.0,OK,1
1615,36.1,-95.9,OK,4
1616,36.1,-95.8,OK,2
1617,36.1,-95.7,OK,1
1618,36.1,-94.2,AR,5
1619,36.1,-94.1,AR,1
1620,36.1,-93.7,AR,1
1621,36.1,-91.0,AR,1
1622,36.1,-90.5,AR,1
1623,36.1,-89.4,TN,1
1624,36.1,-88.1,TN,1
1625,36.1,-87.8,TN,1
1626,36.1,-87.4,TN,1
1627,36.1,-86.9,TN,1
1628,36.1,-86.8,TN,1
1629,36.1,-86.7,TN,1
1630,36.1,-86.6,TN,1
1631,36.1,-85.5,TN,1
1632,36.1,-83.9,TN,1
1633,36.1,-83.5,TN,1
1634,36.1,-81.2,NC,1
1635,36.1,-80.4,NC,1
1636,36.1,-80.3,NC,2
1637,36.1,-80.1,NC,2
1638,36.1,-79.9,NC,3
1639,36.1,-79.8,NC,1
1640,36.1,-79.5,NC,1
1641,36.1,-79.4,NC,1
1642,36.1,-79.3,NC,1
1643,36.1,-79.1,NC,1
1644,36.1,-78.3,NC,1
1645,36.1,-75.7,NC,1
1646,36.2,-119.3,CA,1
1647,36.2,-116.0,NV,1
1648,36.2,-115.3,NV,1
1649,36.2,-115.2,NV,7
1650,36.2,-115.1,NV,2
1651,36.2,-115.0,NV,1
1652,36.2,-95.9,OK,1
1653,36.2,-95.8,OK,1
1654,36.2,-95.2,OK,1
1655,36.2,-94.6,AR,1
1656,36.2,-94.5,AR,1
1657,36.2,-94.2,AR,3
1658,36.2,-94.1,AR,2
1659,36.2,-91.6,AR,1
1660,36.2,-91.0,AR,1
1661,36.2,-90.0,MO,1
1662,36.2,-87.0,TN,1
1663,36.2,-86.8,TN,1
1664,36.2,-86.6,TN,1
1665,36.2,-86.5,TN,1
1666,36.2,-86.3,TN,1
1667,36.2,-85.9,TN,1
1668,36.2,-85.5,TN,1
1669,36.2,-84.1,TN,1
1670,36.2,-83.4,TN,1
1671,36.2,-83.3,TN,3
1672,36.2,-82.8,TN,1
1673,36.2,-82.4,TN,1
1674,36.2,-81.7,NC,1
1675,36.2,-80.3,NC,2
1676,36.3,-119.7,CA,1
1677,36.3,-119.3,CA,3
1678,36.3,-115.3,NV,1
1679,36.3,-115.2,NV,2
1680,36.3,-115.1,NV,1
1681,36.3,-96.5,OK,1
1682,36.3,-95.8,OK,3
1683,36.3,-95.6,OK,1
1684,36.3,-95.3,OK,1
1685,36.3,-94.2,AR,6
1686,36.3,-94.1,AR,3
1687,36.3,-93.1,AR,1
1688,36.3,-92.6,AR,1
1689,36.3,-88.3,TN,1
1690,36.3,-86.7,TN,2
1691,36.3,-86.6,TN,1
1692,36.3,-84.2,TN,1
1693,36.3,-82.4,TN,1
1694,36.3,-82.2,TN,1
1695,36.3,-80.8,NC,1
1696,36.3,-80.4,NC,1
1697,36.3,-78.6,NC,1
1698,36.3,-78.4,NC,1
1699,36.3,-77.0,NC,1
1700,36.3,-76.3,NC,1
1701,36.4,-105.6,NM,1
1702,36.4,-99.4,OK,1
1703,36.4,-97.9,OK,2
1704,36.4,-96.0,OK,1
1705,36.4,-94.8,OK,1
1706,36.4,-94.3,AR,1
1707,36.4,-94.2,AR,7
1708,36.4,-94.1,AR,1
1709,36.4,-93.6,AR,1
1710,36.4,-92.3,AR,1
1711,36.4,-89.1,TN,1
1712,36.4,-88.9,TN,1
1713,36.4,-86.5,TN,1
1714,36.4,-84.9,TN,1
1715,36.4,-83.6,TN,1
1716,36.4,-83.0,TN,1
1717,36.4,-82.4,TN,1
1718,36.4,-81.5,NC,1
1719,36.4,-79.9,NC,1
1720,36.4,-79.7,NC,1
1721,36.4,-79.0,NC,1
1722,36.4,-77.6,NC,1
1723,36.5,-119.4,CA,1
1724,36.5,-94.3,MO,1
1725,36.5,-91.5,MO,1
1726,36.5,-88.9,KY,1
1727,36.5,-87.4,TN,1
1728,36.5,-87.3,TN,1
1729,36.5,-86.9,TN,1
1730,36.5,-86.7,TN,1
1731,36.5,-86.0,TN,1
1732,36.5,-84.5,TN,1
1733,36.5,-82.5,TN,1
1734,36.5,-82.2,TN,1
1735,36.5,-80.6,NC,1
1736,36.5,-79.7,NC,1
1737,36.6,-119.6,CA,1
1738,36.6,-95.1,OK,1
1739,36.6,-94.8,OK,1
1740,36.6,-93.3,MO,1
1741,36.6,-90.0,MO,1
1742,36.6,-88.3,KY,1
1743,36.6,-87.4,TN,2
1744,36.6,-87.3,TN,2
1745,36.6,-83.7,KY,1
1746,36.6,-82.6,TN,2
1747,36.6,-82.1,VA,1
1748,36.6,-80.2,VA,1
1749,36.6,-79.4,VA,2
1750,36.7,-121.8,CA,1
1751,36.7,-121.7,CA,2
1752,36.7,-120.0,CA,1
1753,36.7,-119.7,CA,1
1754,36.7,-119.6,CA,1
1755,36.7,-108.2,NM,1
1756,36.7,-101.5,OK,1
1757,36.7,-97.1,OK,1
1758,36.7,-95.9,OK,1
1759,36.7,-93.9,MO,1
1760,36.7,-93.4,MO,1
1761,36.7,-93.2,MO,1
1762,36.7,-91.9,MO,1
1763,36.7,-88.6,KY,1
1764,36.7,-87.4,KY,1
1765,36.7,-86.6,KY,1
1766,36.7,-85.7,KY,1
1767,36.7,-84.2,KY,1
1768,36.7,-83.1,VA,1
1769,36.7,-81.9,VA,1
1770,36.7,-80.9,VA,1
1771,36.7,-79.9,VA,1
1772,36.7,-78.9,VA,1
1773,36.7,-78.1,VA,1
1774,36.7,-77.5,VA,1
1775,36.7,-77.0,VA,1
1776,36.7,-76.6,VA,1
1777,36.7,-76.3,VA,2
1778,36.7,-76.2,VA,2
1779,36.8,-119.9,CA,1
1780,36.8,-119.8,CA,3
1781,36.8,-119.7,CA,4
1782,36.8,-114.1,NV,1
1783,36.8,-108.2,NM,1
1784,36.8,-98.6,OK,1
1785,36.8,-97.3,OK,1
1786,36.8,-94.4,MO,1
1787,36.8,-90.4,MO,2
1788,36.8,-90.0,MO,1
1789,36.8,-87.5,KY,1
1790,36.8,-86.9,KY,1
1791,36.8,-83.3,KY,1
1792,36.8,-81.5,VA,1
1793,36.8,-76.4,VA,1
1794,36.8,-76.3,VA,1
1795,36.8,-76.2,VA,2
1796,36.8,-76.1,VA,5
1797,36.8,-76.0,VA,2
1798,36.9,-111.5,AZ,1
1799,36.9,-94.9,OK,1
1800,36.9,-93.9,MO,1
1801,36.9,-93.7,MO,1
1802,36.9,-89.6,MO,1
1803,36.9,-88.4,KY,1
1804,36.9,-87.5,KY,1
1805,36.9,-86.4,KY,1
1806,36.9,-84.8,KY,1
1807,36.9,-83.9,KY,1
1808,36.9,-82.8,VA,1
1809,36.9,-82.0,VA,1
1810,36.9,-76.4,VA,1
1811,36.9,-76.3,VA,1
1812,36.9,-76.2,VA,3
1813,37.0,-121.6,CA,1
1814,37.0,-120.1,CA,1
1815,37.0,-100.9,KS,1
1816,37.0,-95.6,KS,1
1817,37.0,-93.2,MO,1
1818,37.0,-92.7,MO,1
1819,37.0,-91.7,MO,1
1820,37.0,-86.5,KY,1
1821,37.0,-85.9,KY,1
1822,37.0,-84.1,KY,1
1823,37.0,-82.6,VA,1
1824,37.0,-81.1,VA,1
1825,37.0,-79.9,VA,1
1826,37.0,-76.4,VA,3
1827,37.1,-121.7,CA,1
1828,37.1,-120.9,CA,1
1829,37.1,-113.6,UT,1
1830,37.1,-113.5,UT,1
1831,37.1,-104.5,CO,1
1832,37.1,-100.9,KS,1
1833,37.1,-97.0,KS,1
1834,37.1,-94.5,MO,6
1835,37.1,-94.3,MO,1
1836,37.1,-93.8,MO,1
1837,37.1,-93.5,MO,1
1838,37.1,-93.3,MO,4
1839,37.1,-88.7,KY,1
1840,37.1,-88.6,KY,1
1841,37.1,-87.9,KY,1
1842,37.1,-85.3,KY,1
1843,37.1,-84.6,KY,1
1844,37.1,-84.1,KY,1
1845,37.1,-83.8,KY,1
1846,37.1,-82.8,KY,1
1847,37.1,-81.7,VA,1
1848,37.1,-80.7,VA,1
1849,37.1,-79.3,VA,1
1850,37.1,-78.0,VA,1
1851,37.1,-76.5,VA,3
1852,37.2,-113.4,UT,1
1853,37.2,-107.9,CO,1
1854,37.2,-97.0,KS,1
1855,37.2,-95.7,KS,1
1856,37.2,-93.4,MO,2
1857,37.2,-93.3,MO,5
1858,37.2,-93.2,MO,1
1859,37.2,-92.3,MO,1
1860,37.2,-81.3,VA,1
1861,37.2,-80.6,VA,1
1862,37.2,-80.4,VA,1
1863,37.2,-80.0,VA,1
1864,37.2,-77.4,VA,2
1865,37.3,-122.0,CA,2
1866,37.3,-121.9,CA,3
1867,37.3,-121.8,CA,1
1868,37.3,-120.6,CA,1
1869,37.3,-120.5,CA,1
1870,37.3,-108.6,CO,1
1871,37.3,-107.1,CO,1
1872,37.3,-97.4,KS,1
1873,37.3,-92.9,MO,1
1874,37.3,-92.0,MO,1
1875,37.3,-89.6,MO,1
1876,37.3,-89.5,MO,1
1877,37.3,-87.5,KY,1
1878,37.3,-87.1,KY,1
1879,37.3,-85.4,KY,1
1880,37.3,-83.2,KY,1
1881,37.3,-82.1,VA,1
1882,37.3,-80.7,VA,1
1883,37.3,-80.1,VA,1
1884,37.3,-80.0,VA,1
1885,37.3,-79.9,VA,3
1886,37.3,-79.5,VA,1
1887,37.3,-79.3,VA,1
1888,37.3,-78.4,VA,1
1889,37.3,-76.8,VA,1
1890,37.3,-76.7,VA,1
1891,37.4,-122.1,CA,1
1892,37.4,-122.0,CA,1
1893,37.4,-121.9,CA,1
1894,37.4,-95.3,KS,1
1895,37.4,-94.7,KS,2
1896,37.4,-89.6,MO,1
1897,37.4,-86.9,KY,1
1898,37.4,-81.0,WV,1
1899,37.4,-79.3,VA,1
1900,37.4,-79.2,VA,2
1901,37.4,-78.8,VA,1
1902,37.4,-77.7,VA,1
1903,37.4,-77.6,VA,1
1904,37.4,-77.5,VA,3
1905,37.4,-76.5,VA,1
1906,37.5,-122.0,CA,1
1907,37.5,-121.9,CA,1
1908,37.5,-121.1,CA,1
1909,37.5,-120.9,CA,1
1910,37.5,-120.8,CA,1
1911,37.5,-105.9,CO,1
1912,37.5,-97.2,KS,1
1913,37.5,-94.3,MO,1
1914,37.5,-89.2,IL,1
1915,37.5,-86.3,KY,1
1916,37.5,-84.6,KY,1
1917,37.5,-82.5,KY,1
1918,37.5,-79.1,VA,1
1919,37.5,-77.8,VA,1
1920,37.5,-77.6,VA,1
1921,37.5,-77.5,VA,1
1922,37.5,-77.4,VA,1
1923,37.6,-122.1,CA,1
1924,37.6,-120.9,CA,1
1925,37.6,-98.7,KS,1
1926,37.6,-97.4,KS,1
1927,37.6,-97.3,KS,2
1928,37.6,-93.4,MO,1
1929,37.6,-93.1,MO,1
1930,37.6,-91.5,MO,1
1931,37.6,-90.3,MO,1
1932,37.6,-85.3,KY,1
1933,37.6,-84.8,KY,1
1934,37.6,-84.3,KY,1
1935,37.6,-83.4,KY,1
1936,37.6,-77.6,VA,1
1937,37.6,-77.5,VA,4
1938,37.6,-77.4,VA,1
1939,37.7,-122.2,CA,1
1940,37.7,-122.1,CA,1
1941,37.7,-121.9,CA,3
1942,37.7,-121.8,CA,1
1943,37.7,-121.0,CA,3
1944,37.7,-113.1,UT,1
1945,37.7,-97.6,KS,1
1946,37.7,-97.5,KS,2
1947,37.7,-97.4,KS,2
1948,37.7,-97.2,KS,2
1949,37.7,-97.0,KS,1
1950,37.7,-95.5,KS,1
1951,37.7,-92.6,MO,1
1952,37.7,-89.9,MO,1
1953,37.7,-89.2,IL,1
1954,37.7,-89.0,IL,1
1955,37.7,-88.5,IL,1
1956,37.7,-87.9,KY,1
1957,37.7,-87.1,KY,1
1958,37.7,-85.9,KY,1
1959,37.7,-84.8,KY,1
1960,37.7,-84.3,KY,1
1961,37.7,-82.8,KY,1
1962,37.7,-82.3,KY,1
1963,37.7,-77.6,VA,1
1964,37.7,-77.4,VA,1
1965,37.7,-76.4,VA,1
1966,37.7,-75.7,VA,1
1967,37.8,-121.5,CA,1
1968,37.8,-121.2,CA,1
1969,37.8,-100.0,KS,1
1970,37.8,-97.4,KS,1
1971,37.8,-96.9,KS,1
1972,37.8,-94.7,KS,1
1973,37.8,-94.3,MO,1
1974,37.8,-92.2,MO,1
1975,37.8,-90.4,MO,1
1976,37.8,-89.3,IL,1
1977,37.8,-89.0,IL,1
1978,37.8,-87.1,KY,1
1979,37.8,-86.4,KY,1
1980,37.8,-85.9,KY,2
1981,37.8,-85.4,KY,1
1982,37.8,-82.8,KY,1
1983,37.8,-81.2,WV,2
1984,37.8,-80.4,WV,1
1985,37.8,-80.0,VA,1
1986,37.8,-79.4,VA,1
1987,37.8,-77.5,VA,1
1988,37.9,-95.4,KS,1
1989,37.9,-91.8,MO,1
1990,37.9,-90.8,MO,1
1991,37.9,-90.5,MO,1
1992,37.9,-89.8,IL,1
1993,37.9,-87.6,KY,1
1994,37.9,-86.8,IN,1
1995,37.9,-84.6,KY,1
1996,37.9,-82.0,WV,1
1997,37.9,-76.9,VA,1
1998,38.0,-122.3,CA,1
1999,38.0,-122.1,CA,1
2000,38.0,-121.9,CA,1
2001,38.0,-121.8,CA,1
2002,38.0,-121.4,CA,1
2003,38.0,-121.3,CA,2
2004,38.0,-120.4,CA,1
2005,38.0,-103.6,CO,1
2006,38.0,-100.9,KS,1
2007,38.0,-100.8,KS,1
2008,38.0,-97.3,KS,1
2009,38.0,-92.7,MO,1
2010,38.0,-89.2,IL,1
2011,38.0,-88.9,IL,1
2012,38.0,-87.6,IN,2
2013,38.0,-87.5,IN,2
2014,38.0,-87.4,IN,1
2015,38.0,-85.7,KY,1
2016,38.0,-84.9,KY,1
2017,38.0,-84.6,KY,1
2018,38.0,-84.5,KY,2
2019,38.0,-84.4,KY,1
2020,38.0,-84.2,KY,1
2021,38.0,-81.1,WV,1
2022,38.0,-78.2,VA,1
2023,38.1,-122.3,CA,1
2024,38.1,-121.3,CA,1
2025,38.1,-102.6,CO,1
2026,38.1,-97.9,KS,1
2027,38.1,-92.6,MO,1
2028,38.1,-91.4,MO,1
2029,38.1,-89.7,IL,1
2030,38.1,-88.2,IL,1
2031,38.1,-87.3,IN,1
2032,38.1,-85.9,KY,1
2033,38.1,-85.8,KY,1
2034,38.1,-85.7,KY,2
2035,38.1,-85.6,KY,1
2036,38.1,-84.5,KY,1
2037,38.1,-84.0,KY,1
2038,38.1,-82.6,KY,1
2039,38.1,-79.0,VA,1
2040,38.1,-78.9,VA,2
2041,38.1,-78.5,VA,1
2042,38.1,-75.6,MD,1
2043,38.2,-122.3,CA,1
2044,38.2,-122.0,CA,1
2045,38.2,-104.7,CO,1
2046,38.2,-104.6,CO,1
2047,38.2,-91.2,MO,1
2048,38.2,-90.6,MO,1
2049,38.2,-90.4,MO,1
2050,38.2,-86.1,IN,1
2051,38.2,-85.9,KY,1
2052,38.2,-85.8,KY,1
2053,38.2,-85.7,KY,1
2054,38.2,-85.6,KY,1
2055,38.2,-85.5,KY,1
2056,38.2,-85.3,KY,1
2057,38.2,-84.9,KY,1
2058,38.2,-84.5,KY,1
2059,38.2,-84.3,KY,1
2060,38.2,-83.5,KY,1
2061,38.2,-81.5,WV,1
2062,38.2,-78.4,VA,1
2063,38.2,-77.5,VA,1
2064,38.3,-122.3,CA,1
2065,38.3,-122.0,CA,2
2066,38.3,-121.3,CA,1
2067,38.3,-104.7,CO,1
2068,38.3,-104.6,CO,1
2069,38.3,-94.4,MO,1
2070,38.3,-93.4,MO,1
2071,38.3,-92.6,MO,1
2072,38.3,-89.0,IL,1
2073,38.3,-87.6,IN,1
2074,38.3,-85.8,IN,2
2075,38.3,-85.6,KY,1
2076,38.3,-85.5,KY,2
2077,38.3,-84.5,KY,1
2078,38.3,-82.4,WV,1
2079,38.3,-81.7,WV,1
2080,38.3,-80.8,WV,1
2081,38.3,-77.5,VA,1
2082,38.3,-77.4,VA,1
2083,38.3,-76.5,MD,1
2084,38.3,-75.6,MD,1
2085,38.3,-75.2,MD,1
2086,38.4,-122.7,CA,2
2087,38.4,-122.0,CA,2
2088,38.4,-121.4,CA,3
2089,38.4,-120.8,CA,1
2090,38.4,-107.9,CO,1
2091,38.4,-105.2,CO,1
2092,38.4,-98.8,KS,1
2093,38.4,-97.6,KS,1
2094,38.4,-96.2,KS,1
2095,38.4,-93.8,MO,1
2096,38.4,-92.9,MO,1
2097,38.4,-91.5,MO,1
2098,38.4,-91.0,MO,1
2099,38.4,-90.4,MO,1
2100,38.4,-90.2,IL,1
2101,38.4,-88.4,IL,1
2102,38.4,-87.6,IN,1
2103,38.4,-86.9,IN,1
2104,38.4,-85.4,KY,1
2105,38.4,-84.3,KY,1
2106,38.4,-82.7,KY,1
2107,38.4,-82.5,OH,1
2108,38.4,-82.4,WV,1
2109,38.4,-82.3,WV,1
2110,38.4,-82.0,WV,1
2111,38.4,-81.8,WV,1
2112,38.4,-78.9,VA,3
2113,38.4,-77.8,VA,1
2114,38.4,-77.5,VA,1
2115,38.4,-77.1,VA,1
2116,38.4,-75.6,MD,1
2117,38.5,-122.8,CA,1
2118,38.5,-121.8,CA,1
2119,38.5,-121.5,CA,2
2120,38.5,-121.4,CA,2
2121,38.5,-106.0,CO,1
2122,38.5,-92.1,MO,1
2123,38.5,-91.0,MO,1
2124,38.5,-90.7,MO,1
2125,38.5,-90.5,MO,1
2126,38.5,-90.4,MO,1
2127,38.5,-90.3,MO,1
2128,38.5,-89.9,IL,1
2129,38.5,-89.2,IL,1
2130,38.5,-82.7,KY,1
2131,38.5,-78.0,VA,1
2132,38.5,-77.5,VA,1
2133,38.5,-77.4,VA,1
2134,38.5,-76.6,MD,1
2135,38.6,-121.6,CA,1
2136,38.6,-121.5,CA,1
2137,38.6,-121.4,CA,2
2138,38.6,-121.3,CA,1
2139,38.6,-106.9,CO,1
2140,38.6,-95.3,KS,1
2141,38.6,-94.9,KS,1
2142,38.6,-92.2,MO,1
2143,38.6,-90.5,MO,1
2144,38.6,-90.4,MO,1
2145,38.6,-90.3,MO,2
2146,38.6,-90.2,IL,1
2147,38.6,-90.0,IL,1
2148,38.6,-89.4,IL,1
2149,38.6,-89.0,IL,1
2150,38.6,-87.2,IN,1
2151,38.6,-86.5,IN,1
2152,38.6,-86.1,IN,1
2153,38.6,-83.8,KY,1
2154,38.6,-78.8,VA,1
2155,38.6,-77.3,VA,2
2156,38.6,-77.0,MD,1
2157,38.6,-76.9,MD,1
2158,38.6,-76.1,MD,1
2159,38.7,-121.8,CA,2
2160,38.7,-121.7,CA,1
2161,38.7,-121.4,CA,1
2162,38.7,-121.3,CA,5
2163,38.7,-121.2,CA,3
2164,38.7,-120.8,CA,1
2165,38.7,-112.1,UT,1
2166,38.7,-108.1,CO,1
2167,38.7,-104.7,CO,1
2168,38.7,-94.4,MO,1
2169,38.7,-93.3,MO,1
2170,38.7,-90.6,MO,2
2171,38.7,-90.4,MO,1
2172,38.7,-90.1,IL,1
2173,38.7,-90.0,IL,2
2174,38.7,-88.5,IL,1
2175,38.7,-88.1,IL,1
2176,38.7,-87.7,IL,1
2177,38.7,-87.5,IN,1
2178,38.7,-85.8,IN,1
2179,38.7,-85.1,KY,1
2180,38.7,-84.6,KY,1
2181,38.7,-80.7,WV,1
2182,38.7,-78.5,VA,1
2183,38.7,-77.8,VA,1
2184,38.7,-77.1,VA,1
2185,38.7,-76.7,MD,1
2186,38.7,-75.6,DE,1
2187,38.7,-75.4,DE,1
2188,38.7,-75.1,DE,1
2189,38.8,-121.3,CA,1
2190,38.8,-121.2,CA,2
2191,38.8,-104.8,CO,4
2192,38.8,-104.7,CO,1
2193,38.8,-97.6,KS,1
2194,38.8,-94.9,KS,1
2195,38.8,-94.7,KS,1
2196,38.8,-94.5,MO,1
2197,38.8,-93.7,MO,1
2198,38.8,-91.1,MO,1
2199,38.8,-90.9,MO,1
2200,38.8,-90.8,MO,1
2201,38.8,-90.7,MO,1
2202,38.8,-90.6,MO,2
2203,38.8,-90.5,MO,1
2204,38.8,-90.3,MO,2
2205,38.8,-90.0,IL,1
2206,38.8,-89.7,IL,1
2207,38.8,-85.4,IN,1
2208,38.8,-83.6,OH,1
2209,38.8,-82.9,OH,1
2210,38.8,-82.2,OH,1
2211,38.8,-81.7,WV,1
2212,38.8,-81.4,WV,1
2213,38.8,-77.6,VA,1
2214,38.8,-77.5,VA,1
2215,38.8,-77.4,VA,1
2216,38.8,-77.3,VA,2
2217,38.8,-77.1,VA,2
2218,38.8,-76.9,MD,1
2219,38.8,-76.1,MD,1
2220,38.9,-122.6,CA,1
2221,38.9,-121.3,CA,1
2222,38.9,-119.7,NV,1
2223,38.9,-104.8,CO,3
2224,38.9,-104.7,CO,2
2225,38.9,-104.6,CO,1
2226,38.9,-99.3,KS,1
2227,38.9,-95.3,KS,1
2228,38.9,-94.8,KS,3
2229,38.9,-94.7,KS,2
2230,38.9,-94.6,MO,1
2231,38.9,-94.4,MO,2
2232,38.9,-92.3,MO,1
2233,38.9,-91.9,MO,1
2234,38.9,-90.1,IL,1
2235,38.9,-86.5,IN,1
2236,38.9,-79.8,WV,1
2237,38.9,-78.5,VA,1
2238,38.9,-77.5,VA,1
2239,38.9,-77.4,VA,2
2240,38.9,-77.2,VA,1
2241,38.9,-77.0,DC,1
2242,38.9,-76.9,MD,1
2243,38.9,-76.7,MD,1
2244,38.9,-75.8,MD,1
2245,38.9,-75.4,DE,1
2246,39.0,-105.0,CO,1
2247,39.0,-96.9,KS,1
2248,39.0,-96.8,KS,1
2249,39.0,-95.8,KS,1
2250,39.0,-95.7,KS,1
2251,39.0,-95.6,KS,1
2252,39.0,-95.3,KS,1
2253,39.0,-94.8,KS,2
2254,39.0,-94.7,KS,3
2255,39.0,-94.6,KS,2
2256,39.0,-94.5,MO,1
2257,39.0,-94.4,MO,2
2258,39.0,-94.3,MO,2
2259,39.0,-94.1,MO,1
2260,39.0,-92.7,MO,1
2261,39.0,-92.4,MO,1
2262,39.0,-92.3,MO,1
2263,39.0,-91.0,MO,1
2264,39.0,-90.2,IL,1
2265,39.0,-89.1,IL,1
2266,39.0,-87.7,IL,1
2267,39.0,-87.1,IN,1
2268,39.0,-85.9,IN,1
2269,39.0,-85.6,IN,1
2270,39.0,-84.7,KY,1
2271,39.0,-84.5,KY,1
2272,39.0,-84.4,KY,1
2273,39.0,-84.2,OH,1
2274,39.0,-82.6,OH,1
2275,39.0,-82.0,WV,1
2276,39.0,-80.4,WV,1
2277,39.0,-80.2,WV,1
2278,39.0,-78.2,VA,1
2279,39.0,-77.4,VA,1
2280,39.0,-77.0,DC,2
2281,39.0,-74.9,NJ,1
2282,39.1,-123.2,CA,1
2283,39.1,-121.7,CA,1
2284,39.1,-121.6,CA,1
2285,39.1,-119.8,NV,1
2286,39.1,-108.6,CO,1
2287,39.1,-108.5,CO,2
2288,39.1,-104.9,CO,1
2289,39.1,-95.7,KS,2
2290,39.1,-94.9,KS,1
2291,39.1,-94.8,KS,1
2292,39.1,-94.7,KS,1
2293,39.1,-94.4,MO,1
2294,39.1,-93.7,MO,1
2295,39.1,-93.2,MO,1
2296,39.1,-91.9,MO,1
2297,39.1,-90.3,IL,1
2298,39.1,-88.6,IL,1
2299,39.1,-87.4,IN,1
2300,39.1,-86.6,IN,1
2301,39.1,-84.9,IN,1
2302,39.1,-84.6,OH,1
2303,39.1,-84.4,OH,1
2304,39.1,-84.3,OH,1
2305,39.1,-83.0,OH,1
2306,39.1,-79.0,WV,1
2307,39.1,-78.2,VA,1
2308,39.1,-77.5,VA,1
2309,39.1,-76.8,MD,1
2310,39.1,-76.6,MD,2
2311,39.1,-75.5,DE,1
2312,39.2,-119.8,NV,1
2313,39.2,-96.6,KS,1
2314,39.2,-94.5,MO,3
2315,39.2,-89.7,IL,1
2316,39.2,-85.9,IN,2
2317,39.2,-84.6,OH,1
2318,39.2,-84.4,OH,1
2319,39.2,-84.3,OH,1
2320,39.2,-83.6,OH,1
2321,39.2,-81.5,WV,1
2322,39.2,-78.2,VA,2
2323,39.2,-77.3,MD,1
2324,39.2,-76.8,MD,1
2325,39.2,-76.7,MD,2
2326,39.2,-76.6,MD,1
2327,39.2,-75.6,DE,1
2328,39.3,-101.7,KS,1
2329,39.3,-94.9,KS,1
2330,39.3,-94.7,MO,1
2331,39.3,-94.3,MO,1
2332,39.3,-94.0,MO,1
2333,39.3,-91.2,MO,1
2334,39.3,-89.9,IL,1
2335,39.3,-86.8,IN,1
2336,39.3,-84.6,OH,1
2337,39.3,-84.5,OH,1
2338,39.3,-84.4,OH,1
2339,39.3,-84.3,OH,1
2340,39.3,-83.0,OH,1
2341,39.3,-82.1,OH,1
2342,39.3,-81.6,WV,1
2343,39.3,-80.3,WV,1
2344,39.3,-77.8,WV,1
2345,39.3,-76.8,MD,2
2346,39.3,-76.5,MD,2
2347,39.3,-76.4,MD,1
2348,39.4,-119.8,NV,1
2349,39.4,-111.6,UT,1
2350,39.4,-104.6,CO,1
2351,39.4,-101.0,KS,1
2352,39.4,-92.4,MO,1
2353,39.4,-88.8,IL,1
2354,39.4,-87.7,IL,1
2355,39.4,-87.4,IN,1
2356,39.4,-87.3,IN,1
2357,39.4,-86.4,IN,1
2358,39.4,-85.5,IN,1
2359,39.4,-84.6,OH,1
2360,39.4,-84.5,OH,1
2361,39.4,-81.4,OH,1
2362,39.4,-80.2,WV,1
2363,39.4,-80.0,WV,1
2364,39.4,-79.4,MD,1
2365,39.4,-79.0,WV,1
2366,39.4,-77.4,MD,2
2367,39.4,-77.2,MD,1
2368,39.4,-76.9,MD,1
2369,39.4,-76.8,MD,2
2370,39.4,-76.6,MD,1
2371,39.4,-76.5,MD,1
2372,39.4,-75.7,DE,1
2373,39.4,-75.0,NJ,1
2374,39.4,-74.6,NJ,1
2375,39.5,-122.2,CA,1
2376,39.5,-121.6,CA,1
2377,39.5,-119.9,NV,1
2378,39.5,-119.8,NV,2
2379,39.5,-118.8,NV,1
2380,39.5,-107.8,CO,1
2381,39.5,-107.3,CO,1
2382,39.5,-104.8,CO,1
2383,39.5,-95.8,KS,1
2384,39.5,-95.1,KS,1
2385,39.5,-88.3,IL,1
2386,39.5,-88.2,IL,1
2387,39.5,-87.1,IN,1
2388,39.5,-86.1,IN,1
2389,39.5,-85.7,IN,1
2390,39.5,-84.8,OH,1
2391,39.5,-84.3,OH,1
2392,39.5,-84.2,OH,1
2393,39.5,-83.8,OH,1
2394,39.5,-83.5,OH,1
2395,39.5,-82.4,OH,1
2396,39.5,-79.7,WV,1
2397,39.5,-78.0,WV,1
2398,39.5,-77.9,WV,1
2399,39.5,-76.6,MD,1
2400,39.5,-76.4,MD,1
2401,39.5,-76.3,MD,1
2402,39.5,-76.2,MD,1
2403,39.5,-75.2,NJ,1
2404,39.5,-75.0,NJ,1
2405,39.5,-74.7,NJ,1
2406,39.6,-119.9,NV,1
2407,39.6,-119.7,NV,1
2408,39.6,-119.2,NV,1
2409,39.6,-110.8,UT,1
2410,39.6,-106.5,CO,1
2411,39.6,-106.1,CO,1
2412,39.6,-105.2,CO,1
2413,39.6,-105.1,CO,1
2414,39.6,-104.9,CO,2
2415,39.6,-104.8,CO,2
2416,39.6,-104.7,CO,2
2417,39.6,-97.7,KS,1
2418,39.6,-90.8,IL,1
2419,39.6,-89.3,IL,1
2420,39.6,-87.7,IL,1
2421,39.6,-86.8,IN,1
2422,39.6,-86.3,IN,1
2423,39.6,-86.2,IN,1
2424,39.6,-86.1,IN,1
2425,39.6,-84.3,OH,1
2426,39.6,-84.2,OH,1
2427,39.6,-84.1,OH,1
2428,39.6,-82.9,OH,1
2429,39.6,-80.0,WV,2
2430,39.6,-78.8,MD,1
2431,39.6,-77.0,MD,1
2432,39.6,-76.9,MD,1
2433,39.6,-76.0,MD,1
2434,39.6,-75.8,MD,1
2435,39.6,-75.5,NJ,1
2436,39.6,-74.8,NJ,1
2437,39.6,-74.4,NJ,1
2438,39.7,-121.8,CA,1
2439,39.7,-105.3,CO,1
2440,39.7,-105.1,CO,2
2441,39.7,-105.0,CO,2
2442,39.7,-104.9,CO,3
2443,39.7,-104.8,CO,2
2444,39.7,-94.8,MO,1
2445,39.7,-91.4,MO,1
2446,39.7,-90.3,IL,1
2447,39.7,-89.6,IL,1
2448,39.7,-87.4,IN,1
2449,39.7,-86.4,IN,2
2450,39.7,-86.3,IN,1
2451,39.7,-86.1,IN,3
2452,39.7,-85.1,IN,1
2453,39.7,-84.2,OH,1
2454,39.7,-84.0,OH,1
2455,39.7,-82.6,OH,1
2456,39.7,-80.9,WV,1
2457,39.7,-77.7,MD,1
2458,39.7,-77.5,PA,1
2459,39.7,-75.6,DE,2
2460,39.7,-75.0,NJ,2
2461,39.7,-74.3,NJ,1
2462,39.8,-105.1,CO,3
2463,39.8,-105.0,CO,1
2464,39.8,-104.9,CO,2
2465,39.8,-104.8,CO,2
2466,39.8,-96.6,KS,1
2467,39.8,-95.6,KS,1
2468,39.8,-94.8,MO,1
2469,39.8,-94.2,MO,1
2470,39.8,-93.6,MO,1
2471,39.8,-93.1,MO,1
2472,39.8,-92.5,MO,1
2473,39.8,-89.7,IL,1
2474,39.8,-89.6,IL,1
2475,39.8,-88.9,IL,1
2476,39.8,-86.5,IN,1
2477,39.8,-86.4,IN,1
2478,39.8,-86.3,IN,1
2479,39.8,-86.2,IN,1
2480,39.8,-86.0,IN,2
2481,39.8,-85.8,IN,1
2482,39.8,-84.9,IN,1
2483,39.8,-84.6,OH,1
2484,39.8,-84.2,OH,1
2485,39.8,-84.1,OH,1
2486,39.8,-77.2,PA,1
2487,39.8,-77.0,PA,2
2488,39.8,-76.7,PA,1
2489,39.8,-76.0,PA,1
2490,39.8,-75.1,NJ,2
2491,39.8,-74.9,NJ,1
2492,39.9,-105.1,CO,2
2493,39.9,-105.0,CO,6
2494,39.9,-104.9,CO,1
2495,39.9,-91.3,IL,1
2496,39.9,-89.0,IL,1
2497,39.9,-86.4,IN,1
2498,39.9,-86.2,IN,2
2499,39.9,-86.1,IN,2
2500,39.9,-86.0,IN,2
2501,39.9,-85.4,IN,1
2502,39.9,-84.3,OH,1
2503,39.9,-84.1,OH,1
2504,39.9,-83.7,OH,1
2505,39.9,-83.4,OH,1
2506,39.9,-83.1,OH,1
2507,39.9,-83.0,OH,2
2508,39.9,-82.8,OH,2
2509,39.9,-82.0,OH,1
2510,39.9,-80.7,WV,1
2511,39.9,-80.1,PA,1
2512,39.9,-79.8,PA,1
2513,39.9,-77.6,PA,1
2514,39.9,-75.7,PA,1
2515,39.9,-75.4,PA,2
2516,39.9,-75.3,PA,2
2517,39.9,-75.1,NJ,1
2518,39.9,-75.1,PA,1
2519,39.9,-75.0,NJ,2
2520,39.9,-74.9,NJ,1
2521,39.9,-74.2,NJ,1
2522,40.0,-111.8,UT,1
2523,40.0,-105.1,CO,1
2524,40.0,-104.8,CO,1
2525,40.0,-90.4,IL,1
2526,40.0,-88.3,IL,1
2527,40.0,-86.9,IN,1
2528,40.0,-86.1,IN,1
2529,40.0,-86.0,IN,2
2530,40.0,-83.8,OH,1
2531,40.0,-83.1,OH,1
2532,40.0,-82.5,OH,1
2533,40.0,-82.0,OH,1
2534,40.0,-81.6,OH,1
2535,40.0,-79.9,PA,1
2536,40.0,-79.6,PA,1
2537,40.0,-78.4,PA,1
2538,40.0,-76.8,PA,1
2539,40.0,-76.7,PA,1
2540,40.0,-76.2,PA,1
2541,40.0,-75.9,PA,1
2542,40.0,-75.6,PA,1
2543,40.0,-75.1,PA,2
2544,40.0,-75.0,NJ,1
2545,40.0,-74.8,NJ,2
2546,40.0,-74.2,NJ,1
2547,40.1,-111.6,UT,2
2548,40.1,-88.3,IL,1
2549,40.1,-88.2,IL,1
2550,40.1,-86.5,IN,1
2551,40.1,-85.6,IN,1
2552,40.1,-84.6,OH,1
2553,40.1,-84.2,OH,1
2554,40.1,-83.7,OH,1
2555,40.1,-83.1,OH,3
2556,40.1,-82.9,OH,2
2557,40.1,-82.4,OH,1
2558,40.1,-80.9,OH,1
2559,40.1,-80.6,WV,1
2560,40.1,-79.8,PA,1
2561,40.1,-79.5,PA,1
2562,40.1,-79.1,PA,1
2563,40.1,-77.5,PA,1
2564,40.1,-76.8,PA,1
2565,40.1,-76.3,PA,1
2566,40.1,-75.4,PA,2
2567,40.1,-75.3,PA,1
2568,40.1,-75.2,PA,1
2569,40.1,-75.0,PA,3
2570,40.1,-74.8,PA,1
2571,40.1,-74.2,NJ,1
2572,40.1,-74.1,NJ,1
2573,40.2,-122.2,CA,1
2574,40.2,-111.6,UT,1
2575,40.2,-105.1,CO,1
2576,40.2,-105.0,CO,1
2577,40.2,-100.7,NE,1
2578,40.2,-97.2,NE,1
2579,40.2,-92.6,MO,1
2580,40.2,-89.4,IL,1
2581,40.2,-87.6,IL,1
2582,40.2,-85.4,IN,2
2583,40.2,-85.0,IN,1
2584,40.2,-84.2,OH,1
2585,40.2,-83.3,OH,1
2586,40.2,-83.0,OH,1
2587,40.2,-80.2,PA,1
2588,40.2,-77.2,PA,1
2589,40.2,-77.0,PA,1
2590,40.2,-76.9,PA,1
2591,40.2,-76.2,PA,1
2592,40.2,-75.9,PA,1
2593,40.2,-75.1,PA,3
2594,40.2,-74.7,NJ,1
2595,40.2,-74.6,NJ,1
2596,40.2,-74.3,NJ,1
2597,40.2,-74.1,NJ,1
2598,40.3,-111.7,UT,3
2599,40.3,-103.8,CO,1
2600,40.3,-96.7,NE,1
2601,40.3,-94.9,MO,1
2602,40.3,-94.0,MO,1
2603,40.3,-88.2,IL,1
2604,40.3,-86.5,IN,1
2605,40.3,-84.2,OH,1
2606,40.3,-83.8,OH,1
2607,40.3,-83.1,OH,1
2608,40.3,-81.9,OH,1
2609,40.3,-80.0,PA,1
2610,40.3,-79.9,PA,1
2611,40.3,-79.7,PA,1
2612,40.3,-79.6,PA,1
2613,40.3,-79.4,PA,1
2614,40.3,-78.8,PA,1
2615,40.3,-76.8,PA,1
2616,40.3,-76.6,PA,1
2617,40.3,-76.4,PA,1
2618,40.3,-76.0,PA,1
2619,40.3,-75.8,PA,1
2620,40.3,-75.7,PA,1
2621,40.3,-75.4,PA,1
2622,40.3,-75.3,PA,1
2623,40.3,-74.7,NJ,1
2624,40.3,-74.6,NJ,1
2625,40.4,-122.3,CA,1
2626,40.4,-120.6,CA,1
2627,40.4,-111.9,UT,1
2628,40.4,-111.8,UT,3
2629,40.4,-109.6,UT,1
2630,40.4,-105.0,CO,1
2631,40.4,-104.8,CO,1
2632,40.4,-104.7,CO,1
2633,40.4,-91.4,IA,1
2634,40.4,-86.9,IN,1
2635,40.4,-86.8,IN,1
2636,40.4,-85.0,IN,1
2637,40.4,-82.4,OH,1
2638,40.4,-80.7,OH,1
2639,40.4,-80.5,WV,1
2640,40.4,-80.2,PA,1
2641,40.4,-80.1,PA,1
2642,40.4,-79.8,PA,1
2643,40.4,-79.6,PA,1
2644,40.4,-79.2,PA,1
2645,40.4,-78.4,PA,1
2646,40.4,-75.9,PA,1
2647,40.4,-75.6,PA,1
2648,40.4,-75.5,PA,1
2649,40.4,-75.4,PA,1
2650,40.4,-74.3,NJ,2
2651,40.5,-112.0,UT,2
2652,40.5,-111.9,UT,3
2653,40.5,-111.4,UT,1
2654,40.5,-107.6,CO,1
2655,40.5,-106.8,CO,1
2656,40.5,-105.1,CO,2
2657,40.5,-105.0,CO,1
2658,40.5,-90.6,IL,1
2659,40.5,-89.6,IL,1
2660,40.5,-89.0,IL,1
2661,40.5,-88.9,IL,1
2662,40.5,-86.9,IN,1
2663,40.5,-86.1,IN,1
2664,40.5,-85.7,IN,1
2665,40.5,-81.9,OH,1
2666,40.5,-81.5,OH,1
2667,40.5,-80.2,PA,1
2668,40.5,-79.9,PA,1
2669,40.5,-78.8,PA,1
2670,40.5,-78.4,PA,1
2671,40.5,-78.0,PA,1
2672,40.5,-74.9,NJ,1
2673,40.5,-74.6,NJ,1
2674,40.5,-74.5,NJ,1
2675,40.5,-74.4,NJ,2
2676,40.5,-74.3,NJ,1
2677,40.6,-122.3,CA,1
2678,40.6,-112.3,UT,1
2679,40.6,-112.0,UT,3
2680,40.6,-111.9,UT,2
2681,40.6,-111.8,UT,1
2682,40.6,-105.1,CO,1
2683,40.6,-103.2,CO,1
2684,40.6,-98.4,NE,1
2685,40.6,-96.9,NE,1
2686,40.6,-90.0,IL,1
2687,40.6,-89.5,IL,1
2688,40.6,-84.5,OH,1
2689,40.6,-84.2,OH,1
2690,40.6,-83.1,OH,1
2691,40.6,-79.9,PA,1
2692,40.6,-79.8,PA,1
2693,40.6,-79.7,PA,1
2694,40.6,-79.2,PA,1
2695,40.6,-77.6,PA,1
2696,40.6,-76.8,PA,1
2697,40.6,-76.0,PA,1
2698,40.6,-75.6,PA,1
2699,40.6,-75.5,PA,1
2700,40.6,-74.9,NJ,1
2701,40.6,-74.4,NJ,2
2702,40.6,-74.2,NJ,1
2703,40.7,-112.1,UT,1
2704,40.7,-112.0,UT,2
2705,40.7,-111.9,UT,3
2706,40.7,-111.8,UT,2
2707,40.7,-111.5,UT,1
2708,40.7,-99.7,NE,1
2709,40.7,-99.1,NE,1
2710,40.7,-96.7,NE,1
2711,40.7,-96.6,NE,1
2712,40.7,-95.9,NE,1
2713,40.7,-92.9,IA,1
2714,40.7,-89.6,IL,2
2715,40.7,-89.5,IL,1
2716,40.7,-86.8,IN,1
2717,40.7,-84.1,OH,1
2718,40.7,-83.6,OH,1
2719,40.7,-82.5,OH,1
2720,40.7,-80.6,OH,1
2721,40.7,-80.3,PA,1
2722,40.7,-80.2,PA,1
2723,40.7,-80.1,PA,1
2724,40.7,-76.2,PA,1
2725,40.7,-75.3,PA,2
2726,40.7,-75.1,NJ,1
2727,40.7,-74.3,NJ,1
2728,40.7,-74.1,NJ,2
2729,40.7,-73.7,NY,1
2730,40.7,-73.6,NY,2
2731,40.7,-73.5,NY,2
2732,40.7,-73.4,NY,1
2733,40.8,-124.2,CA,1
2734,40.8,-115.8,NV,1
2735,40.8,-97.6,NE,1
2736,40.8,-96.6,NE,1
2737,40.8,-95.4,IA,1
2738,40.8,-91.2,IA,1
2739,40.8,-89.6,IL,1
2740,40.8,-87.7,IL,1
2741,40.8,-86.3,IN,1
2742,40.8,-85.8,IN,1
2743,40.8,-85.2,IN,1
2744,40.8,-84.9,IN,1
2745,40.8,-84.2,OH,1
2746,40.8,-83.2,OH,1
2747,40.8,-82.9,OH,1
2748,40.8,-82.6,OH,1
2749,40.8,-81.9,OH,1
2750,40.8,-81.5,OH,1
2751,40.8,-81.4,OH,1
2752,40.8,-81.3,OH,1
2753,40.8,-80.4,PA,1
2754,40.8,-79.5,PA,1
2755,40.8,-77.9,PA,1
2756,40.8,-77.8,PA,1
2757,40.8,-76.8,PA,1
2758,40.8,-76.5,PA,1
2759,40.8,-76.0,PA,1
2760,40.8,-75.7,PA,1
2761,40.8,-74.8,NJ,1
2762,40.8,-74.5,NJ,1
2763,40.8,-74.0,NJ,2
2764,40.8,-73.3,NY,1
2765,40.8,-73.2,NY,1
2766,40.9,-111.9,UT,1
2767,40.9,-98.4,NE,1
2768,40.9,-98.3,NE,1
2769,40.9,-97.1,NE,1
2770,40.9,-96.7,NE,1
2771,40.9,-88.7,IL,1
2772,40.9,-87.2,IN,1
2773,40.9,-85.5,IN,1
2774,40.9,-84.6,OH,1
2775,40.9,-82.3,OH,1
2776,40.9,-81.4,OH,1
2777,40.9,-81.2,OH,1
2778,40.9,-80.8,OH,1
2779,40.9,-79.9,PA,1
2780,40.9,-79.0,PA,1
2781,40.9,-74.7,NJ,2
2782,40.9,-74.6,NJ,1
2783,40.9,-74.4,NJ,1
2784,40.9,-74.1,NJ,3
2785,40.9,-73.1,NY,2
2786,40.9,-72.9,NY,1
2787,40.9,-72.7,NY,1
2788,41.0,-117.7,NV,1
2789,41.0,-94.4,IA,1
2790,41.0,-93.8,IA,1
2791,41.0,-92.5,IA,1
2792,41.0,-92.0,IA,1
2793,41.0,-91.5,IA,1
2794,41.0,-90.4,IL,1
2795,41.0,-85.1,IN,1
2796,41.0,-84.0,OH,1
2797,41.0,-81.5,OH,1
2798,41.0,-80.6,OH,1
2799,41.0,-80.4,PA,1
2800,41.0,-78.4,PA,1
2801,41.0,-76.9,PA,1
2802,41.0,-76.5,PA,1
2803,41.0,-76.0,PA,1
2804,41.0,-75.2,PA,1
2805,41.0,-74.3,NJ,1
2806,41.1,-112.1,UT,2
2807,41.1,-112.0,UT,1
2808,41.1,-111.9,UT,1
2809,41.1,-104.8,WY,1
2810,41.1,-102.9,NE,1
2811,41.1,-101.7,NE,1
2812,41.1,-100.8,NE,1
2813,41.1,-96.2,NE,1
2814,41.1,-95.9,NE,1
2815,41.1,-87.9,IL,1
2816,41.1,-86.2,IN,1
2817,41.1,-85.2,IN,1
2818,41.1,-85.1,IN,1
2819,41.1,-85.0,IN,1
2820,41.1,-83.7,OH,1
2821,41.1,-83.6,OH,1
2822,41.1,-83.2,OH,1
2823,41.1,-81.7,OH,1
2824,41.1,-81.6,OH,1
2825,41.1,-81.4,OH,1
2826,41.1,-80.8,OH,1
2827,41.1,-80.7,OH,1
2828,41.1,-78.7,PA,1
2829,41.1,-77.5,PA,1
2830,41.1,-75.4,PA,1
2831,41.1,-74.7,NJ,1
2832,41.1,-74.6,NJ,1
2833,41.1,-74.1,NY,1
2834,41.1,-73.4,CT,1
2835,41.2,-112.0,UT,2
2836,41.2,-111.9,UT,1
2837,41.2,-104.8,WY,1
2838,41.2,-96.2,NE,2
2839,41.2,-96.1,NE,2
2840,41.2,-96.0,NE,3
2841,41.2,-95.9,NE,1
2842,41.2,-95.8,IA,1
2843,41.2,-90.7,IL,1
2844,41.2,-89.9,IL,1
2845,41.2,-88.8,IL,1
2846,41.2,-87.8,IL,1
2847,41.2,-85.5,IN,1
2848,41.2,-85.2,IN,1
2849,41.2,-81.9,OH,1
2850,41.2,-81.5,OH,1
2851,41.2,-81.3,OH,1
2852,41.2,-80.5,PA,1
2853,41.2,-80.1,PA,1
2854,41.2,-79.4,PA,1
2855,41.2,-75.9,PA,1
2856,41.2,-73.4,CT,1
2857,41.2,-73.1,CT,1
2858,41.2,-73.0,CT,1
2859,41.3,-112.0,UT,1
2860,41.3,-111.0,WY,1
2861,41.3,-105.5,WY,1
2862,41.3,-96.2,NE,1
2863,41.3,-96.1,NE,3
2864,41.3,-96.0,NE,2
2865,41.3,-95.9,IA,1
2866,41.3,-93.1,IA,1
2867,41.3,-92.7,IA,1
2868,41.3,-91.7,IA,1
2869,41.3,-85.9,IN,1
2870,41.3,-84.4,OH,1
2871,41.3,-82.6,OH,1
2872,41.3,-82.2,OH,1
2873,41.3,-81.8,OH,1
2874,41.3,-81.5,OH,1
2875,41.3,-81.4,OH,1
2876,41.3,-80.8,OH,1
2877,41.3,-79.7,PA,1
2878,41.3,-76.9,PA,1
2879,41.3,-75.8,PA,1
2880,41.3,-74.7,PA,1
2881,41.3,-74.1,NY,1
2882,41.3,-73.9,NY,1
2883,41.3,-73.1,CT,1
2884,41.3,-73.0,CT,1
2885,41.3,-72.9,CT,1
2886,41.3,-72.8,CT,1
2887,41.3,-72.7,CT,1
2888,41.3,-72.4,CT,1
2889,41.4,-97.3,NE,1
2890,41.4,-95.0,IA,1
2891,41.4,-93.6,IA,1
2892,41.4,-92.9,IA,1
2893,41.4,-90.2,IL,1
2894,41.4,-89.5,IL,1
2895,41.4,-89.1,IL,1
2896,41.4,-88.8,IL,1
2897,41.4,-88.4,IL,1
2898,41.4,-86.3,IN,1
2899,41.4,-85.2,IN,1
2900,41.4,-85.1,IN,1
2901,41.4,-84.1,OH,1
2902,41.4,-83.7,OH,1
2903,41.4,-83.1,OH,1
2904,41.4,-82.7,OH,1
2905,41.4,-82.2,OH,1
2906,41.4,-82.1,OH,1
2907,41.4,-81.9,OH,1
2908,41.4,-81.8,OH,1
2909,41.4,-81.7,OH,1
2910,41.4,-81.4,OH,1
2911,41.4,-80.4,PA,1
2912,41.4,-78.6,PA,1
2913,41.4,-75.7,PA,1
2914,41.4,-73.4,CT,1
2915,41.4,-72.9,CT,1
2916,41.4,-72.2,CT,1
2917,41.4,-72.1,CT,1
2918,41.4,-71.8,RI,1
2919,41.5,-112.0,UT,1
2920,41.5,-96.5,NE,1
2921,41.5,-96.1,NE,1
2922,41.5,-93.6,IA,1
2923,41.5,-91.0,IA,1
2924,41.5,-90.5,IL,1
2925,41.5,-90.4,IL,1
2926,41.5,-88.2,IL,1
2927,41.5,-88.1,IL,1
2928,41.5,-88.0,IL,1
2929,41.5,-87.7,IL,1
2930,41.5,-87.6,IL,1
2931,41.5,-87.5,IN,1
2932,41.5,-87.3,IN,1
2933,41.5,-87.2,IN,1
2934,41.5,-87.0,IN,1
2935,41.5,-84.5,OH,1
2936,41.5,-82.9,OH,1
2937,41.5,-82.0,OH,1
2938,41.5,-81.7,OH,1
2939,41.5,-81.5,OH,1
2940,41.5,-81.4,OH,1
2941,41.5,-81.1,OH,1
2942,41.5,-75.9,PA,1
2943,41.5,-75.6,PA,1
2944,41.5,-74.4,NY,1
2945,41.5,-74.1,NY,1
2946,41.5,-73.9,NY,1
2947,41.5,-73.0,CT,1
2948,41.5,-72.8,CT,1
2949,41.5,-72.1,CT,1
2950,41.5,-71.3,RI,1
2951,41.6,-109.3,WY,1
2952,41.6,-93.8,IA,1
2953,41.6,-93.7,IA,1
2954,41.6,-93.5,IA,1
2955,41.6,-91.6,IA,1
2956,41.6,-90.6,IA,1
2957,41.6,-90.5,IA,1
2958,41.6,-88.1,IL,1
2959,41.6,-88.0,IL,1
2960,41.6,-87.8,IL,1
2961,41.6,-87.7,IL,2
2962,41.6,-87.6,IL,1
2963,41.6,-87.5,IN,1
2964,41.6,-86.7,IN,1
2965,41.6,-86.3,IN,1
2966,41.6,-85.9,IN,1
2967,41.6,-85.8,IN,1
2968,41.6,-84.1,OH,1
2969,41.6,-83.7,OH,1
2970,41.6,-83.6,OH,2
2971,41.6,-83.5,OH,1
2972,41.6,-81.4,OH,1
2973,41.6,-81.2,OH,1
2974,41.6,-80.2,PA,1
2975,41.6,-79.7,PA,1
2976,41.6,-75.2,PA,1
2977,41.6,-73.4,CT,1
2978,41.6,-73.0,CT,1
2979,41.6,-72.9,CT,1
2980,41.6,-72.7,CT,1
2981,41.6,-72.0,CT,1
2982,41.6,-71.5,RI,1
2983,41.6,-71.0,MA,1
2984,41.6,-70.9,MA,1
2985,41.6,-70.6,MA,1
2986,41.7,-122.6,CA,1
2987,41.7,-111.8,UT,1
2988,41.7,-93.8,IA,1
2989,41.7,-93.6,IA,1
2990,41.7,-93.0,IA,1
2991,41.7,-92.7,IA,1
2992,41.7,-91.6,IA,1
2993,41.7,-88.6,IL,1
2994,41.7,-88.4,IL,1
2995,41.7,-88.3,IL,1
2996,41.7,-88.2,IL,2
2997,41.7,-88.1,IL,1
2998,41.7,-88.0,IL,1
2999,41.7,-87.8,IL,1
3000,41.7,-87.7,IL,1
3001,41.7,-87.6,IL,2
3002,41.7,-87.5,IN,1
3003,41.7,-86.9,IN,1
3004,41.7,-86.3,IN,1
3005,41.7,-86.2,IN,1
3006,41.7,-86.1,IN,1
3007,41.7,-86.0,IN,1
3008,41.7,-85.0,IN,1
3009,41.7,-83.7,OH,1
3010,41.7,-81.3,OH,1
3011,41.7,-74.7,NY,1
3012,41.7,-74.4,NY,1
3013,41.7,-72.9,CT,1
3014,41.7,-72.7,CT,3
3015,41.7,-72.2,CT,1
3016,41.7,-71.6,RI,1
3017,41.7,-71.5,RI,1
3018,41.7,-71.1,MA,1
3019,41.8,-124.2,CA,1
3020,41.8,-111.8,UT,1
3021,41.8,-107.2,WY,1
3022,41.8,-91.1,IA,1
3023,41.8,-90.2,IA,1
3024,41.8,-89.7,IL,1
3025,41.8,-89.6,IL,1
3026,41.8,-89.5,IL,1
3027,41.8,-88.3,IL,1
3028,41.8,-88.1,IL,1
3029,41.8,-87.9,IL,1
3030,41.8,-87.7,IL,3
3031,41.8,-87.6,IL,1
3032,41.8,-86.2,MI,1
3033,41.8,-85.4,MI,1
3034,41.8,-81.1,OH,1
3035,41.8,-77.1,PA,1
3036,41.8,-73.1,CT,1
3037,41.8,-72.9,CT,1
3038,41.8,-72.5,CT,1
3039,41.8,-71.9,CT,1
3040,41.8,-71.5,RI,1
3041,41.8,-71.4,RI,2
3042,41.8,-71.3,MA,1
3043,41.8,-71.2,MA,1
3044,41.8,-70.7,MA,1
3045,41.9,-103.7,NE,1
3046,41.9,-91.7,IA,1
3047,41.9,-89.1,IL,1
3048,41.9,-88.7,IL,1
3049,41.9,-88.3,IL,2
3050,41.9,-88.1,IL,1
3051,41.9,-88.0,IL,2
3052,41.9,-87.9,IL,1
3053,41.9,-87.8,IL,1
3054,41.9,-87.7,IL,3
3055,41.9,-87.6,IL,1
3056,41.9,-85.7,MI,1
3057,41.9,-85.0,MI,1
3058,41.9,-84.0,MI,1
3059,41.9,-80.7,OH,1
3060,41.9,-80.2,PA,1
3061,41.9,-79.6,PA,1
3062,41.9,-79.2,PA,1
3063,41.9,-72.6,CT,1
3064,41.9,-71.9,CT,1
3065,41.9,-71.4,MA,1
3066,41.9,-71.1,MA,1
3067,41.9,-71.0,MA,1
3068,42.0,-97.4,NE,1
3069,42.0,-95.4,IA,1
3070,42.0,-93.9,IA,1
3071,42.0,-93.6,IA,1
3072,42.0,-92.9,IA,1
3073,42.0,-91.7,IA,1
3074,42.0,-91.6,IA,1
3075,42.0,-90.7,IA,1
3076,42.0,-88.3,IL,1
3077,42.0,-88.1,IL,1
3078,42.0,-88.0,IL,1
3079,42.0,-87.9,IL,1
3080,42.0,-87.8,IL,1
3081,42.0,-87.7,IL,1
3082,42.0,-84.7,MI,1
3083,42.0,-83.4,MI,1
3084,42.0,-78.6,PA,1
3085,42.0,-76.5,PA,1
3086,42.0,-74.0,NY,1
3087,42.0,-71.5,RI,1
3088,42.0,-70.8,MA,1
3089,42.0,-70.7,MA,1
3090,42.1,-94.9,IA,1
3091,42.1,-93.6,IA,1
3092,42.1,-91.3,IA,1
3093,42.1,-88.3,IL,1
3094,42.1,-88.0,IL,2
3095,42.1,-87.9,IL,1
3096,42.1,-87.8,IL,1
3097,42.1,-86.4,MI,1
3098,42.1,-83.2,MI,1
3099,42.1,-80.2,PA,1
3100,42.1,-80.1,PA,1
3101,42.1,-80.0,PA,1
3102,42.1,-79.3,NY,1
3103,42.1,-78.5,NY,1
3104,42.1,-76.0,NY,1
3105,42.1,-75.9,NY,1
3106,42.1,-72.7,MA,1
3107,42.1,-72.5,MA,1
3108,42.1,-72.1,MA,1
3109,42.1,-71.7,MA,1
3110,42.1,-71.5,MA,1
3111,42.1,-71.2,MA,1
3112,42.1,-71.1,MA,1
3113,42.1,-71.0,MA,2
3114,42.1,-70.8,MA,1
3115,42.2,-121.8,OR,1
3116,42.2,-88.8,IL,1
3117,42.2,-88.4,IL,1
3118,42.2,-88.3,IL,2
3119,42.2,-88.1,IL,1
3120,42.2,-88.0,IL,1
3121,42.2,-87.9,IL,1
3122,42.2,-85.9,MI,1
3123,42.2,-85.6,MI,1
3124,42.2,-84.4,MI,1
3125,42.2,-83.7,MI,3
3126,42.2,-83.5,MI,1
3127,42.2,-83.2,MI,1
3128,42.2,-80.0,PA,1
3129,42.2,-77.1,NY,1
3130,42.2,-76.9,NY,1
3131,42.2,-73.9,NY,1
3132,42.2,-72.6,MA,1
3133,42.2,-72.3,MA,1
3134,42.2,-71.9,MA,1
3135,42.2,-71.8,MA,1
3136,42.2,-71.0,MA,1
3137,42.2,-70.9,MA,1
3138,42.3,-122.9,OR,1
3139,42.3,-89.6,IL,1
3140,42.3,-89.1,IL,1
3141,42.3,-89.0,IL,2
3142,42.3,-88.4,IL,1
3143,42.3,-87.9,IL,1
3144,42.3,-85.7,MI,1
3145,42.3,-85.5,MI,1
3146,42.3,-85.2,MI,1
3147,42.3,-83.5,MI,1
3148,42.3,-83.4,MI,1
3149,42.3,-83.3,MI,1
3150,42.3,-83.2,MI,1
3151,42.3,-77.7,NY,1
3152,42.3,-73.8,NY,1
3153,42.3,-72.6,MA,1
3154,42.3,-71.9,MA,1
3155,42.3,-71.7,MA,1
3156,42.3,-71.4,MA,1
3157,42.4,-123.3,OR,1
3158,42.4,-122.9,OR,1
3159,42.4,-96.4,IA,1
3160,42.4,-90.4,IL,1
3161,42.4,-88.6,IL,1
3162,42.4,-88.3,IL,1
3163,42.4,-88.1,IL,1
3164,42.4,-88.0,IL,1
3165,42.4,-86.2,MI,1
3166,42.4,-85.7,MI,1
3167,42.4,-83.3,MI,2
3168,42.4,-76.9,NY,1
3169,42.4,-76.5,NY,1
3170,42.4,-75.0,NY,1
3171,42.4,-72.6,MA,1
3172,42.4,-71.8,MA,1
3173,42.4,-71.6,MA,1
3174,42.4,-71.0,MA,1
3175,42.5,-122.8,OR,1
3176,42.5,-96.4,IA,1
3177,42.5,-96.4,NE,1
3178,42.5,-94.2,IA,1
3179,42.5,-93.3,IA,1
3180,42.5,-92.4,IA,1
3181,42.5,-92.3,IA,1
3182,42.5,-91.9,IA,1
3183,42.5,-91.5,IA,1
3184,42.5,-90.7,IA,1
3185,42.5,-89.0,IL,1
3186,42.5,-89.0,WI,1
3187,42.5,-88.1,IL,1
3188,42.5,-87.9,IL,1
3189,42.5,-83.6,MI,1
3190,42.5,-83.5,MI,1
3191,42.5,-83.2,MI,1
3192,42.5,-83.0,MI,2
3193,42.5,-82.9,MI,1
3194,42.5,-79.3,NY,1
3195,42.5,-78.7,NY,1
3196,42.5,-75.5,NY,1
3197,42.5,-73.2,MA,1
3198,42.5,-71.7,MA,1
3199,42.5,-71.0,MA,1
3200,42.5,-70.9,MA,1
3201,42.6,-114.5,ID,1
3202,42.6,-113.8,ID,1
3203,42.6,-89.7,WI,1
3204,42.6,-88.6,WI,1
3205,42.6,-88.4,WI,1
3206,42.6,-87.9,WI,1
3207,42.6,-85.3,MI,1
3208,42.6,-84.8,MI,1
3209,42.6,-84.1,MI,1
3210,42.6,-83.9,MI,1
3211,42.6,-83.4,MI,1
3212,42.6,-83.2,MI,1
3213,42.6,-83.1,MI,1
3214,42.6,-82.9,MI,2
3215,42.6,-76.2,NY,1
3216,42.6,-73.8,NY,1
3217,42.6,-73.7,NY,1
3218,42.6,-72.3,MA,1
3219,42.6,-72.0,MA,1
3220,42.6,-71.8,MA,1
3221,42.6,-71.4,MA,1
3222,42.6,-71.1,MA,1
3223,42.6,-71.0,MA,1
3224,42.7,-114.5,ID,1
3225,42.7,-95.2,IA,1
3226,42.7,-92.5,IA,1
3227,42.7,-90.4,WI,1
3228,42.7,-89.0,WI,1
3229,42.7,-88.3,WI,1
3230,42.7,-87.9,WI,1
3231,42.7,-87.8,WI,1
3232,42.7,-84.7,MI,1
3233,42.7,-84.4,MI,1
3234,42.7,-83.5,MI,1
3235,42.7,-83.0,MI,1
3236,42.7,-78.9,NY,1
3237,42.7,-74.5,NY,1
3238,42.7,-73.8,NY,2
3239,42.7,-73.6,NY,1
3240,42.7,-73.1,MA,1
3241,42.7,-72.0,NH,1
3242,42.7,-71.4,NH,1
3243,42.7,-71.2,MA,1
3244,42.8,-106.4,WY,1
3245,42.8,-103.0,NE,1
3246,42.8,-96.9,SD,1
3247,42.8,-96.2,IA,1
3248,42.8,-88.8,WI,1
3249,42.8,-86.1,MI,1
3250,42.8,-84.5,MI,1
3251,42.8,-83.7,MI,1
3252,42.8,-78.1,NY,1
3253,42.8,-77.8,NY,1
3254,42.8,-73.9,NY,2
3255,42.8,-73.7,NY,1
3256,42.8,-72.5,NH,1
3257,42.8,-71.6,NH,1
3258,42.8,-71.2,NH,1
3259,42.8,-71.1,NH,1
3260,42.9,-112.5,ID,1
3261,42.9,-106.3,WY,1
3262,42.9,-97.4,SD,1
3263,42.9,-89.2,WI,1
3264,42.9,-88.3,WI,1
3265,42.9,-88.1,WI,1
3266,42.9,-88.0,WI,2
3267,42.9,-87.9,WI,1
3268,42.9,-85.8,MI,1
3269,42.9,-85.7,MI,1
3270,42.9,-85.5,MI,1
3271,42.9,-85.1,MI,1
3272,42.9,-83.6,MI,1
3273,42.9,-78.7,NY,2
3274,42.9,-77.2,NY,1
3275,42.9,-77.0,NY,1
3276,42.9,-76.8,NY,1
3277,42.9,-73.2,VT,1
3278,42.9,-72.3,NH,1
3279,42.9,-71.3,NH,1
3280,42.9,-70.9,NH,1
3281,43.0,-108.4,WY,1
3282,43.0,-91.1,WI,1
3283,43.0,-90.1,WI,1
3284,43.0,-89.4,WI,1
3285,43.0,-88.8,WI,1
3286,43.0,-88.4,WI,1
3287,43.0,-88.2,WI,1
3288,43.0,-88.1,WI,1
3289,43.0,-88.0,WI,4
3290,43.0,-86.2,MI,1
3291,43.0,-85.7,MI,1
3292,43.0,-84.5,MI,1
3293,43.0,-84.1,MI,1
3294,43.0,-83.8,MI,1
3295,43.0,-83.6,MI,1
3296,43.0,-82.5,MI,1
3297,43.0,-78.8,NY,1
3298,43.0,-78.7,NY,1
3299,43.0,-78.2,NY,1
3300,43.0,-77.4,NY,1
3301,43.0,-76.5,NY,1
3302,43.0,-76.3,NY,1
3303,43.0,-75.0,NY,1
3304,43.0,-74.3,NY,1
3305,43.0,-74.2,NY,1
3306,43.0,-71.5,NH,2
3307,43.0,-71.4,NH,1
3308,43.0,-71.1,NH,1
3309,43.0,-70.8,NH,1
3310,43.1,-115.7,ID,1
3311,43.1,-96.2,IA,1
3312,43.1,-95.2,IA,1
3313,43.1,-93.3,IA,1
3314,43.1,-89.5,WI,1
3315,43.1,-89.3,WI,1
3316,43.1,-88.2,WI,1
3317,43.1,-88.0,WI,1
3318,43.1,-87.9,WI,1
3319,43.1,-83.3,MI,1
3320,43.1,-79.0,NY,1
3321,43.1,-78.8,NY,1
3322,43.1,-78.7,NY,1
3323,43.1,-77.7,NY,1
3324,43.1,-77.6,NY,1
3325,43.1,-77.4,NY,1
3326,43.1,-77.1,NY,1
3327,43.1,-76.1,NY,1
3328,43.1,-75.7,NY,1
3329,43.1,-75.3,NY,1
3330,43.1,-75.2,NY,1
3331,43.1,-73.7,NY,1
3332,43.1,-70.8,NH,1
3333,43.2,-123.4,OR,1
3334,43.2,-112.4,ID,1
3335,43.2,-89.2,WI,1
3336,43.2,-88.7,WI,1
3337,43.2,-88.1,WI,1
3338,43.2,-88.0,WI,1
3339,43.2,-86.3,MI,1
3340,43.2,-86.2,MI,1
3341,43.2,-85.3,MI,1
3342,43.2,-83.8,MI,1
3343,43.2,-78.2,NY,1
3344,43.2,-77.9,NY,1
3345,43.2,-77.7,NY,1
3346,43.2,-77.6,NY,2
3347,43.2,-77.5,NY,1
3348,43.2,-76.2,NY,1
3349,43.2,-76.1,NY,1
3350,43.2,-75.5,NY,1
3351,43.2,-71.5,NH,1
3352,43.2,-70.9,NH,1
3353,43.3,-91.8,IA,1
3354,43.3,-90.3,WI,1
3355,43.3,-88.4,WI,1
3356,43.3,-76.4,NY,1
3357,43.3,-76.1,NY,1
3358,43.3,-73.7,NY,1
3359,43.3,-73.6,NY,1
3360,43.3,-71.0,NH,1
3361,43.4,-124.3,OR,1
3362,43.4,-95.1,IA,1
3363,43.4,-88.2,WI,1
3364,43.4,-87.9,WI,1
3365,43.4,-86.3,MI,1
3366,43.4,-84.7,MI,1
3367,43.4,-84.0,MI,1
3368,43.4,-82.9,MI,1
3369,43.4,-72.3,NH,1
3370,43.4,-70.7,ME,1
3371,43.5,-116.6,ID,1
3372,43.5,-112.1,ID,1
3373,43.5,-112.0,ID,1
3374,43.5,-96.8,SD,1
3375,43.5,-96.7,SD,2
3376,43.5,-89.8,WI,1
3377,43.5,-88.8,WI,1
3378,43.5,-86.0,MI,1
3379,43.5,-84.0,MI,1
3380,43.5,-83.4,MI,1
3381,43.5,-76.5,NY,1
3382,43.5,-71.6,NH,1
3383,43.5,-70.5,ME,1
3384,43.6,-116.7,ID,1
3385,43.6,-116.6,ID,2
3386,43.6,-116.5,ID,1
3387,43.6,-116.4,ID,1
3388,43.6,-116.3,ID,3
3389,43.6,-96.8,SD,1
3390,43.6,-95.6,MN,1
3391,43.6,-90.9,WI,1
3392,43.6,-89.8,WI,1
3393,43.6,-89.5,WI,1
3394,43.6,-84.8,MI,1
3395,43.6,-83.9,MI,1
3396,43.6,-73.0,VT,1
3397,43.6,-72.3,NH,1
3398,43.6,-71.4,NH,1
3399,43.6,-70.3,ME,1
3400,43.7,-116.4,ID,1
3401,43.7,-116.3,ID,1
3402,43.7,-98.0,SD,1
3403,43.7,-94.4,MN,1
3404,43.7,-93.3,MN,1
3405,43.7,-93.0,MN,1
3406,43.7,-87.8,WI,1
3407,43.7,-85.5,MI,1
3408,43.7,-84.2,MI,1
3409,43.7,-70.2,ME,1
3410,43.8,-123.0,OR,1
3411,43.8,-111.8,ID,1
3412,43.8,-91.2,WI,1
3413,43.8,-88.5,WI,1
3414,43.8,-87.9,WI,1
3415,43.8,-87.8,WI,1
3416,43.8,-83.0,MI,1
3417,43.8,-75.5,NY,1
3418,43.8,-71.7,NH,1
3419,43.8,-70.4,ME,1
3420,43.9,-91.2,WI,1
3421,43.9,-90.8,WI,1
3422,43.9,-73.4,NY,1
3423,43.9,-69.9,ME,1
3424,44.0,-123.2,OR,1
3425,44.0,-121.3,OR,1
3426,44.0,-116.9,OR,1
3427,44.0,-103.2,SD,1
3428,44.0,-92.5,MN,1
3429,44.0,-91.6,MN,1
3430,44.0,-90.5,WI,1
3431,44.0,-89.0,WI,1
3432,44.0,-88.6,WI,1
3433,44.0,-88.1,WI,1
3434,44.0,-86.4,MI,1
3435,44.0,-76.0,NY,1
3436,44.0,-75.8,NY,1
3437,44.0,-71.1,NH,1
3438,44.1,-123.1,OR,1
3439,44.1,-123.0,OR,2
3440,44.1,-103.2,SD,1
3441,44.1,-93.5,MN,1
3442,44.1,-93.2,MN,1
3443,44.1,-92.5,MN,1
3444,44.1,-87.7,WI,1
3445,44.1,-72.0,NH,1
3446,44.1,-70.2,ME,1
3447,44.1,-69.1,ME,1
3448,44.2,-94.0,MN,1
3449,44.2,-88.5,WI,1
3450,44.2,-88.4,WI,1
3451,44.2,-72.6,VT,1
3452,44.2,-70.5,ME,1
3453,44.3,-121.2,OR,1
3454,44.3,-105.5,WY,1
3455,44.3,-98.2,SD,1
3456,44.3,-96.8,SD,1
3457,44.3,-94.5,MN,1
3458,44.3,-93.3,MN,1
3459,44.3,-90.8,WI,1
3460,44.3,-88.5,WI,1
3461,44.3,-85.4,MI,1
3462,44.3,-84.7,MI,1
3463,44.3,-84.2,MI,1
3464,44.3,-83.5,MI,1
3465,44.3,-71.8,NH,1
3466,44.3,-69.8,ME,1
3467,44.4,-100.3,SD,1
3468,44.4,-95.8,MN,1
3469,44.4,-89.8,WI,1
3470,44.4,-88.7,WI,1
3471,44.4,-88.1,WI,1
3472,44.4,-73.1,VT,1
3473,44.4,-71.2,NH,1
3474,44.5,-122.9,OR,1
3475,44.5,-109.1,WY,1
3476,44.5,-103.8,SD,1
3477,44.5,-95.1,MN,1
3478,44.5,-89.5,WI,1
3479,44.5,-88.1,WI,1
3480,44.5,-88.0,WI,1
3481,44.5,-70.5,ME,1
3482,44.5,-68.4,ME,1
3483,44.6,-123.3,OR,1
3484,44.6,-123.1,OR,1
3485,44.6,-92.6,MN,1
3486,44.6,-70.2,ME,1
3487,44.6,-69.6,ME,1
3488,44.7,-124.1,OR,1
3489,44.7,-93.3,MN,1
3490,44.7,-93.2,MN,1
3491,44.7,-92.9,MN,1
3492,44.7,-90.2,WI,1
3493,44.7,-85.6,MI,1
3494,44.7,-75.5,NY,1
3495,44.7,-75.0,NY,1
3496,44.7,-73.5,NY,1
3497,44.8,-106.9,WY,1
3498,44.8,-93.4,MN,1
3499,44.8,-93.3,MN,1
3500,44.8,-93.2,MN,1
3501,44.8,-93.0,MN,1
3502,44.8,-92.9,MN,1
3503,44.8,-91.4,WI,1
3504,44.8,-88.6,WI,1
3505,44.8,-74.3,NY,1
3506,44.8,-73.1,VT,1
3507,44.8,-69.7,ME,1
3508,44.8,-69.3,ME,1
3509,44.8,-68.7,ME,2
3510,44.9,-123.3,OR,1
3511,44.9,-123.0,OR,2
3512,44.9,-97.1,SD,1
3513,44.9,-94.4,MN,1
3514,44.9,-93.4,MN,1
3515,44.9,-93.3,MN,1
3516,44.9,-93.1,MN,1
3517,44.9,-92.9,MN,1
3518,44.9,-91.9,WI,1
3519,44.9,-91.4,WI,1
3520,44.9,-89.7,WI,1
3521,44.9,-87.4,WI,1
3522,44.9,-74.9,NY,1
3523,44.9,-72.2,VT,1
3524,45.0,-123.0,OR,1
3525,45.0,-95.7,MN,1
3526,45.0,-93.2,MN,2
3527,45.0,-93.1,MN,1
3528,45.0,-92.8,MN,1
3529,45.0,-92.7,WI,1
3530,45.0,-84.7,MI,1
3531,45.1,-122.9,OR,1
3532,45.1,-95.0,MN,1
3533,45.1,-94.5,MN,1
3534,45.1,-93.5,MN,1
3535,45.1,-93.4,MN,1
3536,45.1,-93.3,MN,2
3537,45.1,-92.5,WI,1
3538,45.1,-87.7,WI,1
3539,45.1,-83.5,MI,1
3540,45.2,-123.2,OR,1
3541,45.2,-93.9,MN,1
3542,45.2,-93.4,MN,1
3543,45.2,-93.3,MN,1
3544,45.2,-93.2,MN,2
3545,45.2,-90.3,WI,1
3546,45.2,-89.6,WI,1
3547,45.2,-89.1,WI,1
3548,45.2,-67.3,ME,1
3549,45.3,-118.1,OR,1
3550,45.3,-93.8,MN,1
3551,45.3,-93.5,MN,1
3552,45.3,-93.0,MN,1
3553,45.4,-122.8,OR,2
3554,45.4,-122.6,OR,2
3555,45.4,-92.6,WI,1
3556,45.4,-85.0,MI,1
3557,45.4,-68.5,ME,1
3558,45.5,-123.1,OR,1
3559,45.5,-122.9,OR,2
3560,45.5,-122.8,OR,1
3561,45.5,-122.6,OR,2
3562,45.5,-122.5,OR,1
3563,45.5,-122.4,OR,2
3564,45.5,-98.4,SD,1
3565,45.5,-91.8,WI,1
3566,45.5,-91.1,WI,1
3567,45.6,-122.7,OR,1
3568,45.6,-122.6,WA,3
3569,45.6,-122.5,WA,1
3570,45.6,-94.2,MN,2
3571,45.6,-93.6,MN,1
3572,45.6,-93.2,MN,1
3573,45.6,-89.4,WI,1
3574,45.6,-84.5,MI,1
3575,45.7,-122.7,WA,1
3576,45.7,-122.5,WA,1
3577,45.7,-121.5,OR,1
3578,45.7,-118.8,OR,1
3579,45.7,-111.0,MT,1
3580,45.7,-108.8,MT,1
3581,45.7,-94.9,MN,1
3582,45.8,-122.8,OR,1
3583,45.8,-122.5,WA,1
3584,45.8,-108.6,MT,1
3585,45.8,-108.5,MT,1
3586,45.8,-95.4,MN,1
3587,45.8,-93.0,MN,1
3588,45.8,-88.0,MI,1
3589,45.8,-87.1,MI,1
3590,45.9,-122.8,WA,1
3591,45.9,-119.3,OR,1
3592,45.9,-89.7,WI,1
3593,46.0,-118.4,WA,1
3594,46.0,-112.5,MT,1
3595,46.0,-94.3,MN,1
3596,46.0,-91.5,WI,1
3597,46.1,-122.9,WA,1
3598,46.1,-67.8,ME,1
3599,46.2,-123.0,WA,1
3600,46.2,-119.2,WA,1
3601,46.3,-120.0,WA,1
3602,46.3,-119.3,WA,1
3603,46.3,-119.2,WA,1
3604,46.3,-96.6,ND,1
3605,46.3,-96.1,MN,1
3606,46.3,-94.2,MN,1
3607,46.4,-117.0,WA,1
3608,46.4,-105.8,MT,1
3609,46.5,-95.1,MN,1
3610,46.5,-90.1,MI,1
3611,46.5,-87.5,MI,1
3612,46.5,-84.4,MI,1
3613,46.6,-120.6,WA,1
3614,46.6,-120.5,WA,1
3615,46.6,-112.0,MT,1
3616,46.6,-90.9,WI,1
3617,46.7,-123.0,WA,1
3618,46.7,-117.2,WA,1
3619,46.7,-117.0,ID,1
3620,46.7,-92.5,MN,1
3621,46.7,-92.1,WI,1
3622,46.7,-68.0,ME,1
3623,46.8,-119.1,WA,1
3624,46.8,-114.0,MT,1
3625,46.8,-100.9,ND,1
3626,46.8,-100.7,ND,1
3627,46.8,-96.8,ND,1
3628,46.8,-95.9,MN,1
3629,46.8,-92.2,MN,1
3630,46.9,-122.6,WA,1
3631,46.9,-114.0,MT,1
3632,46.9,-102.8,ND,1
3633,46.9,-100.8,ND,1
3634,46.9,-98.7,ND,1
3635,46.9,-96.9,ND,1
3636,46.9,-96.7,MN,1
3637,46.9,-95.0,MN,1
3638,47.0,-123.8,WA,1
3639,47.0,-122.9,WA,1
3640,47.0,-122.8,WA,1
3641,47.1,-122.8,WA,1
3642,47.1,-122.4,WA,1
3643,47.1,-122.3,WA,1
3644,47.1,-119.3,WA,1
3645,47.1,-88.6,MI,1
3646,47.2,-123.1,WA,1
3647,47.2,-122.5,WA,2
3648,47.2,-122.3,WA,1
3649,47.2,-122.2,WA,1
3650,47.2,-93.5,MN,1
3651,47.3,-122.3,WA,2
3652,47.3,-122.2,WA,1
3653,47.3,-119.5,WA,1
3654,47.4,-122.1,WA,1
3655,47.4,-93.0,MN,1
3656,47.5,-122.6,WA,1
3657,47.5,-122.2,WA,1
3658,47.5,-120.3,WA,1
3659,47.5,-116.2,ID,1
3660,47.5,-111.3,MT,1
3661,47.5,-111.2,MT,1
3662,47.5,-94.9,MN,1
3663,47.5,-92.6,MN,1
3664,47.6,-122.6,WA,1
3665,47.6,-122.2,WA,1
3666,47.6,-122.1,WA,1
3667,47.6,-117.6,WA,1
3668,47.7,-117.4,WA,2
3669,47.7,-117.3,WA,1
3670,47.7,-117.2,WA,1
3671,47.7,-117.0,ID,1
3672,47.7,-116.9,ID,1
3673,47.7,-116.8,ID,1
3674,47.7,-114.1,MT,1
3675,47.8,-122.7,WA,1
3676,47.8,-122.3,WA,2
3677,47.8,-120.0,WA,1
3678,47.8,-96.6,MN,1
3679,47.9,-122.3,WA,1
3680,47.9,-122.2,WA,1
3681,47.9,-122.0,WA,1
3682,47.9,-97.1,ND,2
3683,48.1,-123.4,WA,1
3684,48.1,-123.1,WA,1
3685,48.1,-122.2,WA,1
3686,48.1,-122.1,WA,1
3687,48.1,-98.8,ND,1
3688,48.1,-96.2,MN,1
3689,48.2,-122.2,WA,1
3690,48.2,-114.3,MT,1
3691,48.2,-103.6,ND,1
3692,48.2,-101.3,ND,1
3693,48.3,-122.7,WA,1
3694,48.3,-116.5,ID,1
3695,48.4,-122.3,WA,1
3696,48.4,-119.5,WA,1
3697,48.6,-117.9,WA,1
3698,48.6,-109.7,MT,1
3699,48.8,-122.5,WA,1
3700,48.8,-100.4,ND,1
3701,55.4,-131.7,AK,1
3702,57.8,-152.4,AK,1
3703,60.6,-151.2,AK,1
3704,61.1,-149.9,AK,1
3705,61.2,-149.9,AK,1
3706,61.2,-149.7,AK,1
3707,61.3,-149.5,AK,1
3708,61.6,-149.4,AK,1
3709,64.9,-147.7,AK,1
